day;evento;tipo_evento;edam_ecne_eplu;edam_ecne_eplu_diff;edam_ecor_emcn;edam_ecor_emcn_diff;edam_emsg_eplu;edam_emsg_eplu_diff;edam_epdn_ecne;edam_epdn_ecne_diff;edam_epdn_emcn;edam_epdn_emcn_diff;eint_ecpn_emgl;eint_ecpn_emgl_diff;eint_esln_emgl;eint_esln_emgl_diff;eint_esln_espc;eint_esln_espc_diff;emeg_ecpn_emgl;emeg_ecpn_emgl_diff;emfn_ecor_ecri;emfn_ecor_ecri_diff;emfn_ecor_emcn;emfn_ecor_emcn_diff;emfn_emcn_epdn;emfn_emcn_epdn_diff;epdn_ecne_ecpn;epdn_ecne_ecpn_diff;epdn_eint_ecpn;epdn_eint_ecpn_diff;epdn_eint_espc;epdn_eint_espc_diff;epdn_emfn_espc;epdn_emfn_espc_diff;eplu_ecne_ecpn;eplu_ecne_ecpn_diff;eplu_emeg_ecpn;eplu_emeg_ecpn_diff;eplu_emeg_emal;eplu_emeg_emal_diff;eplu_emsg_emal;eplu_emsg_emal_diff
16/12/2018;0;;-4,641;-0,502;8,324;0,132;-0,181;-0,033;-99,37716667;0,32633333;1,402;0,057333333;-0,109;-0,163;0,474;-0,051;1,513;-0,447;0,021;-0,02;-9,42;-0,014;-4,414;-0,234;0,071;-0,247333333;11,11983333;0,10233333;0,021;0,355333333;-1,437;-0,380666667;-1,456;-0,203333333;-4,552;-0,505;-0,649;0,003;-0,144;0,086;-0,103;0,252
17/12/2018;0;;-4,892;-0,502;8,623;0,455;-0,3915;-0,2215;-99,214;0,32633333;2,153;0,779666667;0,037;0,065;0,605;0,184;1,775;-0,171;-0,494;-0,566;-9,62;-0,487;-5,1;-0,986;-0,221;-0,415666667;11,171;0,10233333;0,034;0,190666667;-0,846;0,400666667;-1,978;-0,623666667;-4,8045;-0,505;-0,9965;-0,2615;0,0895;0,2785;-0,1045;0,1895
18/12/2018;0;;-5,143;-0,502;8,603;0,279;-0,602;-0,421;-98,634;0,74316667;2,217;0,815;0,028;0,137;0,732;0,258;1,168;-0,345;-2,205;-2,226;-9,499;-0,079;-5,189;-0,775;-0,264;-0,335;11,485;0,36516667;-0,038;-0,059;-1,206;0,231;-2,225;-0,769;-5,057;-0,505;-1,344;-0,695;0,323;0,467;-0,106;-0,003
19/12/2018;0;;-4,64;0,252;8,558;-0,065;-0,447;-0,0555;-98,81;0,404;1,83;-0,323;-0,227;-0,264;0,766;0,161;1,224;-0,551;-2,104;-1,61;-9,197;0,423;-5,008;0,092;-0,257;-0,036;11,391;0,22;0,003;-0,031;-1,075;-0,229;-1,951;0,027;-4,678;0,1265;-1,275;-0,2785;0,39;0,3005;0,075;0,1795
20/12/2018;0;;-3,807;1,336;8,784;0,181;-0,38;0,222;-99,226;-0,592;0,543;-1,674;-0,395;-0,423;0,75;0,018;1,308;0,14;-1,954;0,251;-8,591;0,908;-4,333;0,856;-0,575;-0,311;11,155;-0,33;0,206;0,244;-0,826;0,38;-1,58;0,645;-3,841;1,216;-1,258;0,086;0,407;0,084;0,088;0,194
21/12/2018;0;;-3,098;1,542;8,678;0,12;-0,251;0,196;-99,168;-0,358;-0,16;-1,99;-0,547;-0,32;0,75;-0,016;1,56;0,336;-1,789;0,315;-8,462;0,735;-4,034;0,974;-0,615;-0,358;11,236;-0,155;0,247;0,244;-0,348;0,727;-1,412;0,539;-3,238;1,44;-1,264;0,011;0,403;0,013;0,091;0,016
22/12/2018;0;;-2,473;1,334;8,592;-0,192;-0,024;0,356;-99,206;0,02;-0,392;-0,935;-0,768;-0,373;0,783;0,033;1,881;0,573;-1,765;0,189;-8,214;0,377;-3,999;0,334;-0,637;-0,062;11,31;0,155;0,382;0,176;0,039;0,865;-1,199;0,381;-2,689;1,152;-1,275;-0,017;0,389;-0,018;0,098;0,01
23/12/2018;1;;-1,978;1,12;8,493;-0,185;0,048;0,299;-99,291;-0,123;-0,429;-0,269;-0,876;-0,329;0,896;0,146;2,31;0,75;-1,62;0,169;-8,02;0,442;-3,973;0,061;-0,506;0,109;11,409;0,173;0,306;0,059;0,401;0,749;-0,932;0,48;-2,204;1,034;-1,248;0,016;0,335;-0,068;0,064;-0,027
24/12/2018;2;DI;6,944;9,417;7,118;-1,474;-0,135;-0,111;-85,642;13,564;-8,258;-7,866;-1,782;-1,014;-2,084;-2,867;1,808;-0,073;-7,776;-6,011;-6,928;1,286;-4,151;-0,152;-7,022;-6,385;14,097;2,787;34,56;34,178;16,79;16,751;1,351;2,55;7,89;10,579;1,241;2,516;-0,847;-1,236;-1,516;-1,614
13/01/2019;0;;58,85646154;0,22169231;-6,3685;-0,9915;-2,686;-0,133;16,53569231;0,17153846;-62,85775;0,35583333;28,303;-0,725;-23,964;0,659;1,352;0,176;-42,462;0,916;7,199;0,936;-1,821;-0,655;-43,61875;0,3365;-4,361846154;0,113230769;298,4595;0,2996667;163,28175;0,0401667;38,96975;0,09483333;55,82076923;0,26415385;12,27;-0,334;-8,923;0,491;-11,729;0,325
14/01/2019;0;;58,96730769;0,22169231;-6,624;-0,511;-2,817;-0,164;16,62146154;0,17153846;-62,67983333;0,35583334;27,856;-1,22;-23,86;0,452;1,227;-0,126;-42,094;0,701;7,408;0,418;-2,065;-0,488;-43,4505;0,3365;-4,305230769;0,113230769;298,6093333;0,2996666;163,3018333;0,0401666;39,01716667;0,09483334;55,95284615;0,26415384;12,507;0,406;-9,028;0,059;-11,611;0,361
15/01/2019;0;;59,07815385;0,22169231;-7,065;-0,6965;-2,822;-0,136;16,70723077;0,17153846;-62,50191667;0,35583333;27,244;-1,059;-23,802;0,162;0,835;-0,517;-41,872;0,59;7,843;0,644;-2,428;-0,607;-43,28225;0,3365;-4,248615385;0,113230769;298,7591667;0,2996667;163,3219167;0,0401667;39,06458333;0,09483333;56,08492308;0,26415385;12,575;0,305;-9,027;-0,104;-11,398;0,331
16/01/2019;0;;59,189;0,22169231;-7,458;-0,834;-2,742;0,075;16,793;0,17153846;-62,324;0,35583333;26,637;-1,219;-23,728;0,132;0,823;-0,404;-41,446;0,648;8,312;0,904;-2,622;-0,557;-43,114;0,3365;-4,192;0,113230769;298,909;0,2996667;163,342;0,0401667;39,112;0,09483333;56,217;0,26415385;12,818;0,311;-8,833;0,195;-11,193;0,418
17/01/2019;0;;60,071;0,99284615;-7,84;-0,775;-2,579;0,243;17,404;0,69676923;-60,187;2,31491667;26,257;-0,987;-23,856;-0,054;0,675;-0,16;-40,986;0,886;8,777;0,934;-2,821;-0,393;-41,12;2,16225;-3,493;0,755615385;299,264;0,5048333;162,855;-0,4669167;39,406;0,34141667;57,222;1,13707692;12,932;0,357;-8,683;0,344;-11,064;0,334
18/01/2019;0;;60,803;1,614;-8,304;-0,846;-2,532;0,21;16,264;-0,529;-57,445;4,879;25,928;-0,709;-24,181;-0,453;0,345;-0,478;-40,164;1,282;9,431;1,119;-3,139;-0,517;-38,815;4,299;-3,698;0,494;298,144;-0,765;161,307;-2,035;39,612;0,5;58,186;1,969;13,087;0,269;-8,617;0,216;-11,032;0,161
19/01/2019;0;;61,379;1,308;-8,436;-0,596;-2,417;0,162;15,61;-1,794;-55,516;4,671;25,974;-0,283;-24,115;-0,259;0,222;-0,453;-40,0268;0,9592;9,66;0,883;-3,201;-0,38;-37,226;3,894;-3,218;0,275;296,379;-2,885;159,784;-3,071;39,562;0,156;58,962;1,74;13,197;0,265;-8,493;0,19;-10,928;0,136
20/01/2019;1;;61,52;0,717;-8,482;-0,178;-2,331;0,201;14,368;-1,896;-53,603;3,842;26,02;0,092;-24,049;0,132;0,065;-0,28;-39,8896;0,2744;9,793;0,362;-3,23;-0,091;-35,719;3,096;-2,953;0,745;293,869;-4,275;157,831;-3,476;39,393;-0,219;59,317;1,131;13,311;0,224;-8,356;0,261;-10,83;0,202
21/01/2019;2;EA;62,054;0,675;-8,012;0,424;-2,457;-0,04;12,822;-2,788;-52,38;3,136;26,066;0,092;-23,983;0,132;-0,241;-0,463;-39,7524;0,2744;10,137;0,477;-2,805;0,396;-34,613;2,613;-2,924;0,294;291,079;-5,3;155,298;-4,486;38,842;-0,72;59,982;1,02;13,495;0,298;-8,42;0,073;-10,868;0,06
22/01/2019;2;EA;62,807;1,287;-7,194;1,288;-2,501;-0,17;12,058;-2,31;-50,04;3,563;26,112;0,092;-23,917;0,132;0,303;0,238;-39,6152;0,2744;10,797;1,004;-2,906;0,324;-33,637;2,082;-3,31;-0,357;288,374;-5,495;153,452;-4,379;38,548;-0,845;60,456;1,139;13,897;0,586;-9,383;-1,027;-11,226;-0,396
23/01/2019;2;EA;62,7858;0,7318;-7,265;0,747;-2,4732;-0,0162;10,309;-2,513;-48,793;3,587;26,158;0,092;-23,851;0,132;0,37;0,611;-39,478;0,2744;10,866;0,729;-2,717;0,088;-32,441;2,172;-3,824;-0,9;285,234;-5,845;151,438;-3,86;38,237;-0,605;60,4707;0,4887;14,0092;0,5142;-9,2828;-0,8628;-11,1786;-0,3106
24/01/2019;2;EA;62,7646;-0,0424;-7,38;-0,186;-2,4454;0,0556;9,222;-2,836;-48,004;2,036;26,862;0,75;-23,185;0,732;0,214;-0,089;-38,75;0,8652;10,897;0,1;-2,617;0,289;-31,573;2,064;-3,259;0,051;282,358;-6,016;149,146;-4,306;37,78;-0,768;60,4854;0,0294;14,1214;0,2244;-9,1826;0,2004;-11,1312;0,0948
25/01/2019;2;EA;62,7434;-0,0424;-7,86;-0,595;-2,4176;0,0556;8,92575;-1,38325;-45,66;3,133;27,116;0,958;-22,883;0,968;-0,09;-0,46;-38,26;1,218;10,639;-0,227;-3,23;-0,513;-30,18;2,261;-3,2395;0,5845;279,244;-5,99;146,694;-4,744;37,236;-1,001;60,5001;0,0294;14,2336;0,2244;-9,0824;0,2004;-11,0838;0,0948
26/01/2019;2;EA;62,7222;-0,0424;-7,905333333;-0,525333333;-2,3898;0,0556;8,6295;-0,5925;-45,578;2,426;27,194;0,332;-22,879;0,306;-0,042;-0,256;-37,995;0,755;10,85;-0,047;-3,217333333;-0,600333333;-30,02933333;1,54366667;-3,22;0,039;277,7635;-4,5945;145,6625;-3,4835;37,08;-0,7;60,5148;0,0294;14,3458;0,2244;-8,9822;0,2004;-11,0364;0,0948
27/01/2019;2;EA;62,701;-0,0424;-7,950666667;-0,090666667;-2,362;0,0556;8,33325;-0,5925;-45,496;0,164;27,217;0,101;-22,906;-0,023;-0,251;-0,161;-37,701;0,559;11,323;0,684;-3,204666667;0,025333333;-29,87866667;0,30133333;-3,2005;0,039;276,283;-2,961;144,631;-2,063;36,924;-0,312;60,5295;0,0294;14,458;0,2244;-8,882;0,2004;-10,989;0,0948
28/01/2019;2;EA;62,6798;-0,0424;-7,996;-0,090666667;-2,38;0,0098;8,037;-0,5925;-45,414;0,164;27,28;0,086;-22,819;0,06;-0,42;-0,378;-37,437;0,558;12,088;1,238;-3,192;0,025333333;-29,728;0,30133333;-3,181;0,039;273,508;-4,2555;142,661;-3,0015;36,261;-0,819;60,5442;0,0294;14,893;0,5472;-8,499;0,4832;-10,787;0,2494
29/01/2019;2;EA;62,6586;-0,0424;-7,993;-0,042333333;-2,298;0,064;7,74075;-0,5925;-44,285;1,211;27,388;0,171;-22,74;0,166;-0,469;-0,218;-37,251;0,45;12,214;0,891;-3,077;0,127666667;-28,715;1,16366667;-3,1615;0,039;270,777;-5,506;141,01;-3,621;35,922;-1,002;60,5589;0,0294;15,316;0,858;-8,102;0,78;-10,53;0,459
30/01/2019;2;EA;62,6374;-0,0424;-8,006;-0,01;-2,197;0,183;7,4445;-0,5925;-43,264;2,15;27,524;0,244;-22,576;0,243;-0,472;-0,052;-36,952;0,485;11,862;-0,226;-3,277;-0,085;-28,243;1,485;-3,142;0,039;268,484;-5,024;139,673;-2,988;35,277;-0,984;60,5736;0,0294;15,751;0,858;-7,737;0,762;-10,23;0,557
31/01/2019;2;EA;62,6162;-0,0424;-8,092;-0,099;-2,202;0,096;7,14825;-0,5925;-42,269;2,016;27,649;0,261;-22,195;0,545;-0,532;-0,063;-36,702;0,549;12,03;-0,184;-3,339;-0,262;-27,369;1,346;-3,1225;0,039;266,593;-4,184;137,962;-3,048;34,892;-1,03;60,5883;0,0294;16,108;0,792;-7,374;0,728;-10,055;0,475
01/02/2019;2;EA;62,595;-0,0424;-7,718;0,288;-2,299;-0,102;6,852;-0,5925;-41,844;1,42;27,967;0,443;-22,285;0,291;-0,92;-0,448;-36,592;0,36;11,722;-0,14;-2,49;0,787;-26,431;1,812;-3,103;0,039;264,635;-3,849;136,449;-3,224;35,046;-0,231;60,603;0,0294;16,15;0,399;-7,023;0,714;-9,974;0,256
02/02/2019;2;EA;62,311;-0,3052;-8,077;0,015;-2,21;-0,008;5,81;-1,33825;-41,909;0,36;28,038;0,389;-22,303;-0,108;-1,034;-0,502;-36,694;0,008;11,851;-0,179;-2,684;0,655;-26,44;0,929;-1,998;1,1245;263,57;-3,023;135,947;-2,015;34,952;0,06;60,737;0,1487;15,95;-0,158;-6,924;0,45;-9,945;0,11
03/02/2019;2;EA;62,035;-0,56;-7,821;-0,103;-1,999;0,3;4,876;-1,976;-41,595;0,249;28,027;0,06;-22,34;-0,055;-1,269;-0,349;-36,81;-0,218;12,063;0,341;-2,677;-0,187;-26,43;0,001;-1,209;1,894;262,729;-1,906;135,373;-1,076;34,974;-0,072;60,719;0,116;15,999;-0,151;-6,718;0,305;-9,859;0,115
21/04/2019;0;;59,41033333;0,04266666;-8,126;-0,073;-0,547666667;0,019666666;0,936;0,317;-36,195;0,159;33,231;-0,005;-17,90742857;-0,04171428;-0,491428571;-0,011714285;-33,894;-0,225;19,618;0,169;-2,861;-0,293;-23,348;-0,196;9,748;0,611;266,423;0,504;135,305;0,312;37,194;-0,016;60,53133333;0,11066666;19,65833333;0,11466666;-4,423416667;0,046916666;-8,6885;0,0265
22/04/2019;0;;59,43166667;0,04266667;-9,279;-1,194;-0,537833333;0,019666667;0,803;-0,046;-36,656;-0,515;33,315;0,141;-17,92828571;-0,04171428;-0,497285714;-0,011714285;-33,978;-0,193;19,572;0,012;-3,198;-0,531;-23,066;0,044;10,062;0,553;266,921;0,812;135,863;0,79;37,511;0,281;60,58666667;0,11066667;19,71566667;0,11466667;-4,399958333;0,046916667;-8,67525;0,0265
23/04/2019;0;;59,453;0,04266667;-9,289;-1,163;-0,528;0,019666667;0,849;-0,087;-36,448;-0,253;33,344;0,113;-17,94914286;-0,04171429;-0,503142857;-0,011714286;-34,016;-0,122;20,157;0,539;-3,535;-0,674;-23,301;0,047;10,545;0,797;267,29;0,867;136,153;0,848;37,458;0,264;60,642;0,11066667;19,773;0,11466667;-4,3765;0,046916667;-8,662;0,0265
24/04/2019;0;;59,47433333;0,04266666;-9,18;0,099;-0,518166667;0,019666666;0,868;0,065;-36,472;0,184;33,347;0,032;-17,97;-0,04171429;-0,509;-0,011714286;-34,019;-0,041;20,251;0,679;-3,523;-0,325;-23,482;-0,416;10,846;0,784;267,501;0,58;136,411;0,548;37,506;-0,005;60,69733333;0,11066666;19,83033333;0,11466666;-4,353041667;0,046916666;-8,64875;0,0265
25/04/2019;0;;59,49566667;0,04266667;-9,155;0,134;-0,508333333;0,019666667;1,227;0,378;-36,155;0,293;33,442;0,098;-18,173;-0,22385714;-0,662;-0,158857143;-34,072;-0,056;20,346;0,189;-3,459;0,076;-23,278;0,023;11,18;0,635;267,795;0,505;136,612;0,459;37,478;0,02;60,75266667;0,11066667;19,88766667;0,11466667;-4,329583333;0,046916667;-8,6355;0,0265
26/04/2019;0;;59,517;0,04266667;-8,749;0,431;-0,4985;0,019666667;1,216;0,348;-35,983;0,489;33,429;0,082;-18,387;-0,417;-0,839;-0,33;-34,13;-0,111;20,357;0,106;-3,069;0,454;-22,994;0,488;11,453;0,607;267,617;0,116;136,331;-0,08;37,622;0,116;60,808;0,11066667;19,945;0,11466667;-4,306125;0,046916667;-8,62225;0,0265
27/04/2019;0;;59,53833333;0,04266666;-8,788;0,367;-0,488666667;0,019666666;1,31;0,083;-35,886;0,269;33,547;0,105;-18,446;-0,273;-0,915;-0,253;-33,992;0,08;21,2;0,854;-3,176;0,283;-23,02;0,258;11,509;0,329;267,904;0,109;136,339;-0,273;37,563;0,085;60,86333333;0,11066666;20,00233333;0,11466666;-4,282666667;0,046916666;-8,609;0,0265
28/04/2019;1;;59,55966667;0,04266667;-8,673;0,076;-0,478833333;0,019666667;1,395;0,179;-35,842;0,141;33,527;0,098;-18,529;-0,142;-1,182;-0,343;-33,905;0,225;22,159;1,802;-3,057;0,012;-22,945;0,049;11,5;0,047;267,879;0,262;136,068;-0,263;37,624;0,002;60,91866667;0,11066667;20,05966667;0,11466667;-4,259208333;0,046916667;-8,59575;0,0265
29/04/2019;2;EA;59,581;0,04266667;-8,843;-0,055;-0,469;0,019666667;1,546;0,236;-35,585;0,301;33,588;0,041;-18,405;0,041;-1,313;-0,398;-33,787;0,205;23,439;2,239;-3,48;-0,304;-23,18;-0,16;11,785;0,276;268,064;0,16;136,022;-0,317;37,185;-0,378;60,974;0,11066667;20,117;0,11466667;-4,23575;0,046916667;-8,5825;0,0265
30/04/2019;2;EA;59,60233333;0,04266666;-8,699;-0,026;-0,459166667;0,019666666;1,723;0,328;-35,42;0,422;33,573;0,046;-18,355;0,174;-1,194;-0,012;-33,729;0,176;24,199;2,04;-3,348;-0,291;-23,18;-0,235;11,746;0,246;268,085;0,206;136,104;0,036;37,117;-0,507;61,02933333;0,11066666;20,17433333;0,11466666;-4,212291667;0,046916666;-8,56925;0,0265
01/05/2019;2;EA;59,62366667;0,04266667;-8,732;0,111;-0,449333333;0,019666667;1,658;0,112;-35,187;0,398;33,495;-0,093;-18,367;0,038;-1,185;0,128;-33,832;-0,045;24,694;1,255;-3,304;0,176;-22,961;0,219;11,424;-0,361;267,878;-0,186;136,071;0,049;37,184;-0,001;61,08466667;0,11066667;20,23166667;0,11466667;-4,188833333;0,046916667;-8,556;0,0265
02/05/2019;2;EA;59,645;0,04266667;-8,696;0,003;-0,4395;0,019666667;1,602;-0,121;-34,962;0,458;33,417;-0,156;-18,516;-0,161;-1,186;0,008;-33,804;-0,075;25,079;0,88;-3,262;0,086;-22,792;0,388;11,227;-0,519;267,66;-0,425;136,179;0,075;37,287;0,17;61,14;0,11066667;20,289;0,11466667;-4,165375;0,046916667;-8,54275;0,0265
03/05/2019;2;EA;59,66633333;0,04266666;-8,737;-0,005;-0,429666667;0,019666666;1,775;0,117;-35,949;-0,762;33,599;0,104;-18,568;-0,201;-1,271;-0,086;-33,791;0,041;25,993;1,299;-3,412;-0,108;-23,821;-0,86;11,357;-0,067;268,182;0,304;136,367;0,296;36,655;-0,529;61,19533333;0,11066666;20,34633333;0,11466666;-4,141916667;0,046916666;-8,5295;0,0265
04/05/2019;2;EA;59,68766667;0,04266667;-8,705;-0,009;-0,419833333;0,019666667;2,082;0,48;-36,51;-1,548;33,728;0,311;-18,515;0,001;-1,268;-0,082;-33,792;0,012;26,945;1,866;-3,493;-0,231;-24,277;-1,485;11,774;0,547;268,603;0,943;136,557;0,378;36,639;-0,648;61,25066667;0,11066667;20,40366667;0,11466667;-4,118458333;0,046916667;-8,51625;0,0265
05/05/2019;2;EA;59,709;0,04266667;-8,636;0,101;-0,41;0,019666667;2,607;0,832;-35,632;0,317;33,924;0,325;-18,398;0,17;-1,201;0,07;-33,651;0,14;26,722;0,729;-3,54;-0,128;-23,789;0,032;11,602;0,245;268,813;0,631;136,644;0,277;36,49;-0,165;61,306;0,11066667;20,461;0,11466667;-4,095;0,046916667;-8,503;0,0265
22/05/2019;0;;79,9385;-0,2758;-9,619;0,913;1,0315;-0,009;2,349;-0,47;-32,97;-1,27;34,614;-0,215;-17,905;0,281;-1,177;0,206;-32,091;-0,093;27,017;0,633;-4,678;1,321;-21,996;-0,165;12,371;0,128;268,905;-0,396;136,882;-0,019;37,689;0,58;84,6665;-0,3018;19,90125;0,0181;-6,27525;0,0503;-10,8405;0,037
23/05/2019;0;;79,8006;-0,2758;-9,417;0,7;1,027;-0,009;2,107;-0,503;-33,008;-1,056;34,584;-0,144;-17,81;0,248;-1,372;-0,149;-32,185;-0,123;26,856;0,076;-4,257;1,192;-21,792;-0,077;12,44;0,116;268,914;-0,184;136,406;-0,579;38,011;0,467;84,5156;-0,3018;19,9103;0,0181;-6,2501;0,0503;-10,822;0,037
24/05/2019;0;;79,6627;-0,2758;-9,003;0,616;1,0225;-0,009;1,918;-0,431;-33,273;-0,303;34,408;-0,206;-17,633;0,272;-0,999;0,178;-32,091;0;26,876;-0,141;-3,758;0,92;-21,765;0,231;12,433;0,062;268,551;-0,354;136,694;-0,188;38,198;0,509;84,3647;-0,3018;19,91935;0,0181;-6,22495;0,0503;-10,8035;0,037
25/05/2019;0;;79,5248;-0,2758;-8,769;0,648;1,018;-0,009;1,586;-0,521;-33,885;-0,877;34,459;-0,125;-17,489;0,321;-0,865;0,507;-32,244;-0,059;26,838;-0,018;-3,445;0,812;-22,188;-0,396;12,642;0,202;268,493;-0,421;136,714;0,308;38,066;0,055;84,2138;-0,3018;19,9284;0,0181;-6,1998;0,0503;-10,785;0,037
26/05/2019;0;;79,3869;-0,2758;-9,584;-0,581;1,0135;-0,009;1,478;-0,44;-34,572;-1,299;34,476;0,068;-17,483;0,15;-0,622;0,377;-32,404;-0,313;27,001;0,125;-3,193;0,565;-21,616;0,149;12,722;0,289;268,53;-0,021;137,154;0,46;38,319;0,121;84,0629;-0,3018;19,93745;0,0181;-6,17465;0,0503;-10,7665;0,037
27/05/2019;0;;79,249;-0,2758;-8,767;0,002;1,009;-0,009;0,438;-1,148;-36,359;-2,474;34,651;0,192;-17,451;0,038;-0,701;0,164;-32,317;-0,073;27,731;0,893;-1,864;1,581;-22,435;-0,247;12,272;-0,37;268,456;-0,037;137,09;0,376;38,072;0,006;83,912;-0,3018;19,9465;0,0181;-6,1495;0,0503;-10,748;0,037
28/05/2019;0;;79,1111;-0,2758;-8,634;0,95;1,0045;-0,009;0,313;-1,165;-36,648;-2,076;34,642;0,166;-17,508;-0,025;-1,098;-0,476;-32,128;0,276;28,338;1,337;-1,583;1,61;-22,272;-0,656;12,304;-0,418;268,323;-0,207;136,791;-0,363;38,347;0,028;83,7611;-0,3018;19,95555;0,0181;-6,12435;0,0503;-10,7295;0,037
29/05/2019;1;;78,9732;-0,2758;-8,7715;-0,0045;1;-0,009;0,4125;-0,0255;-36,3805;-0,0215;34,92;0,269;-17,251;0,2;-1,083;-0,382;-31,992;0,325;27,991;0,26;-3,49;-1,626;-23,35;-0,915;13,237;0,965;269,047;0,591;137,051;-0,039;37,139;-0,933;83,6102;-0,3018;19,9646;0,0181;-6,0992;0,0503;-10,711;0,037
30/05/2019;2;EA;78,8353;-0,2758;-8,909;-0,275;0,9955;-0,009;0,512;0,199;-36,113;0,535;34,53;-0,112;-17,404;0,104;-1,033;0,065;-32,419;-0,291;28,754;0,416;-3,756;-2,173;-23,146;-0,874;12,865;0,561;269,176;0,853;136,739;-0,052;36,947;-1,4;83,4593;-0,3018;19,97365;0,0181;-6,07405;0,0503;-10,6925;0,037
31/05/2019;2;EA;78,6974;-0,2758;-8,833;-0,0615;0,991;-0,009;0,37;-0,0425;-35,568;0,8125;33,875;-1,045;-17,74;-0,489;-0,887;0,196;-32,889;-0,897;28,252;0,261;-3,716;-0,226;-22,826;0,524;11,908;-1,329;268,444;-0,603;136,445;-0,606;36,98;-0,159;83,3084;-0,3018;19,9827;0,0181;-6,0489;0,0503;-10,674;0,037
01/06/2019;2;EA;78,5595;-0,2758;-8,687;0,222;0,9865;-0,009;0,424;-0,088;-35,618;0,495;33,522;-1,008;-18,376;-0,972;-1,241;-0,208;-33,2;-0,781;27,954;-0,8;-3,483;0,273;-22,83;0,316;11,152;-1,713;267,943;-1,233;136,179;-0,56;36,918;-0,029;83,1575;-0,3018;19,99175;0,0181;-6,02375;0,0503;-10,6555;0,037
02/06/2019;2;EA;78,4216;-0,2758;-8,444;0,389;0,982;-0,009;0,472;0,102;-35,235;0,333;32,451;-1,424;-18,546;-0,806;-0,464;0,423;-33,559;-0,67;27,798;-0,454;-3,467;0,249;-22,777;0,049;10,253;-1,655;266,912;-1,532;136,517;0,072;36,792;-0,188;83,0066;-0,3018;20,0008;0,0181;-5,9986;0,0503;-10,637;0,037
10/07/2019;0;;63,574;0,038;-9,657;-0,199;0,159882353;0,014117647;2,179;0,401;-31,416;-0,059;35,599;0,156;-16,682;-0,196;-0,66;-0,577;-32,051;0,338;28,282;-0,076;-4,963;-0,987;-21,474;-1,219;13,651;0,357;273,402;0,263;136,438;0,147;37,592;-1,302;67,84052941;0,06447059;22,90694118;0,04905883;-2,472352941;0,024352941;-8,434764706;-0,012235294
11/07/2019;0;;63,593;0,038;-9,463;-0,113;0,166941176;0,014117647;2,292;0,425;-31,31;0,139;35,418;0,032;-16,689;-0,029;-1,22;-0,851;-32,037;0,236;28,58;0,046;-4,78;-0,862;-21,476;-1,061;13,823;0,688;273,509;0,527;135,808;-0,542;37,916;-0,876;67,87276471;0,06447059;22,93147059;0,04905883;-2,460176471;0,024352941;-8,440882353;-0,012235294
12/07/2019;0;;63,612;0,038;-9,112;0,545;0,174;0,014117647;2,544;0,365;-31,599;-0,183;35,505;-0,094;-16,732;-0,05;-1,701;-1,041;-32,044;0,007;29,094;0,812;-4,344;0,619;-21,635;-0,161;14,046;0,395;273,829;0,427;135,166;-1,272;38,059;0,467;67,905;0,06447059;22,956;0,04905882;-2,448;0,024352941;-8,447;-0,012235294
13/07/2019;0;;63,864;0,271;-8,993;0,47;0,163;-0,003941176;2,749;0,457;-31,353;-0,043;35,625;0,207;-16,719;-0,03;-1,821;-0,601;-31,917;0,12;29,133;0,553;-4,652;0,128;-21,93;-0,454;14,331;0,508;274,006;0,497;135,281;-0,527;37,707;-0,209;68,467;0,59423529;23,373;0,44152941;-2,329;0,131176471;-8,386;0,054882353
14/07/2019;0;;64,099;0,487;-8,865;0,247;0,213;0,039;3,089;0,545;-31,356;0,243;35,668;0,163;-16,736;-0,004;-1,778;-0,077;-32,019;0,025;29,253;0,159;-4,535;-0,191;-21,964;-0,329;14,615;0,569;274,257;0,428;135,653;0,487;37,65;-0,409;68,834;0,929;23,59;0,634;-2,135;0,313;-8,343;0,104
15/07/2019;0;;64,088;0,224;-8,62;0,373;0,377;0,214;2,909;0,16;-31,262;0,091;35,885;0,26;-16,611;0,108;-1,545;0,276;-31,938;-0,021;29,181;0,048;-4,311;0,341;-21,86;0,07;14,328;-0,003;274,043;0,037;135,887;0,606;37,757;0,05;68,826;0,359;23,634;0,261;-2,224;0,105;-8,481;-0,095
16/07/2019;0;;64,257;0,158;-8,652;0,213;0,41375;0,20075;2,961;-0,128;-31,258;0,098;34,671;-0,997;-16,858;-0,122;-0,392;1,386;-32,041;-0,022;29,159;-0,094;-4,392;0,143;-21,838;0,126;13,935;-0,68;272,758;-1,499;136,699;1,046;38,106;0,456;68,913;0,079;23,896;0,306;-1,913;0,222;-8,37075;-0,02775
17/07/2019;1;;64,248;0,16;-8,869;-0,249;0,4505;0,0735;2,635;-0,274;-31,101;0,161;34,629;-1,256;-16,65;-0,039;-0,063;1,482;-32,041;-0,103;29,355;0,174;-4,29;0,021;-21,326;0,534;13,615;-0,713;272,506;-1,537;137,095;1,208;38,417;0,66;69,01;0,184;23,945;0,311;-1,934;0,29;-8,2605;0,2205
18/07/2019;2;EA;64,415;0,158;-8,785;-0,133;0,48725;0,0735;2,37;-0,591;-31,242;0,016;34,657;-0,014;-16,612;0,246;0,211;0,603;-31,913;0,128;29,637;0,478;-4;0,392;-21,149;0,689;13,325;-0,61;272,451;-0,307;137,319;0,62;38,644;0,538;69,215;0,302;24,019;0,123;-2,036;-0,123;-8,15025;0,2205
19/07/2019;2;EA;64,551;0,303;-8,876;-0,007;0,524;0,0735;2,468;-0,167;-31,205;-0,104;34,621;-0,008;-16,702;-0,052;0,439;0,502;-31,96;0,081;29,637;0,282;-3,878;0,412;-20,808;0,518;12,846;-0,769;271,958;-0,548;138,015;0,92;38,757;0,34;68,997;-0,013;23,812;-0,133;-2,056;-0,122;-8,04;0,2205
20/07/2019;2;EA;64,696;0,281;-8,987;-0,202;0,491;0,00375;2,538;0,168;-31,229;0,013;34,544;-0,113;-17,047;-0,435;0,332;0,121;-32,138;-0,225;29,692;0,055;-3,712;0,288;-20,473;0,676;12,462;-0,863;271,662;-0,789;138,134;0,815;38,822;0,178;68,811;-0,404;23,379;-0,64;-2,317;-0,281;-8,2;-0,04975
21/07/2019;2;EA;64,493;-0,058;-9,115;-0,239;0,438;-0,086;2,615;0,147;-31,309;-0,104;34,618;-0,003;-17,072;-0,37;0,152;-0,287;-32,207;-0,247;29,572;-0,065;-3,611;0,267;-20,277;0,531;12,538;-0,308;271,588;-0,37;137,918;-0,097;38,766;0,009;68,671;-0,326;23,352;-0,46;-2,373;-0,317;-8,404;-0,364
22/07/2019;0;;64,381;-0,315;-9,021;-0,034;0,454;-0,037;2,485;-0,053;-31,298;-0,069;34,653;0,109;-16,952;0,095;0,303;-0,029;-32,38;-0,242;29,558;-0,134;-3,5;0,212;-20,2;0,273;12,451;-0,011;271,523;-0,139;137,861;-0,273;38,669;-0,153;68,403;-0,408;23,15;-0,229;-2,372;-0,055;-8,577;-0,377
23/07/2019;0;;64,521;0,028;-9,038;0,077;0,524;0,086;2,688;0,073;-30,756;0,553;34,694;0,076;-17,253;-0,181;0,1;-0,052;-32,485;-0,278;29,179;-0,393;-3,909;-0,298;-20,173;0,104;12,528;-0,01;271,519;-0,069;137,957;0,039;38,623;-0,143;68,309;-0,362;22,826;-0,526;-2,585;-0,212;-8,553;-0,149
24/07/2019;0;;64,326;-0,055;-9,272;-0,251;0,533;0,079;2,855;0,37;-30,836;0,462;34,606;-0,047;-17,262;-0,31;0,152;-0,151;-32,591;-0,211;29,283;-0,275;-3,732;-0,232;-19,806;0,394;12,851;0,4;271,442;-0,081;138,2;0,339;38,715;0,046;68,111;-0,292;22,774;-0,376;-2,587;-0,215;-8,589;-0,012
25/07/2019;0;;64,203;-0,318;-9,356;-0,318;0,607;0,083;2,838;0,15;-30,812;-0,056;34,604;-0,09;-17,125;0,128;0,149;0,049;-32,403;0,082;29,557;0,378;-3,732;0,177;-19,704;0,469;12,884;0,356;271,27;-0,249;138,075;0,118;38,73;0,107;67,912;-0,397;22,678;-0,148;-2,574;0,011;-8,442;0,111
26/07/2019;1;;64,118;-0,208;-9,23;0,042;0,672;0,139;2,358;-0,497;-30,59;0,246;34,614;0,008;-17,029;0,233;0,148;-0,004;-32,454;0,137;29,614;0,331;-3,71;0,022;-19,691;0,115;12,207;-0,644;271,201;-0,241;137,713;-0,487;38,844;0,129;67,829;-0,282;22,676;-0,098;-2,468;0,119;-8,386;0,203
27/07/2019;2;EA;64,047;-0,156;-9,146;0,21;0,492;-0,115;2,035;-0,803;-30,775;0,037;34,69;0,086;-16,948;0,177;-0,082;-0,231;-32,565;-0,162;29,345;-0,212;-3,627;0,105;-19,84;-0,136;11,848;-1,036;271,394;0,124;137,084;-0,991;38,844;0,114;67,818;-0,094;22,617;-0,061;-2,468;0,106;-8,506;-0,064
28/07/2019;2;EA;64,096;-0,022;-9,425;-0,195;0,342;-0,33;2,102;-0,256;-30,924;-0,334;34,536;-0,078;-16,927;0,102;-0,017;-0,165;-32,599;-0,145;28,488;-1,126;-4,442;-0,732;-20,819;-1,128;11,789;-0,418;271,44;0,239;136,82;-0,893;37,837;-1,007;67,73;-0,099;22,428;-0,248;-2,444;0,024;-8,535;-0,149
29/07/2019;2;EA;63,921;-0,126;-9,266;-0,12;0,275;-0,217;2,263;0,228;-31,306;-0,531;34,391;-0,299;-16,952;-0,004;-0,516;-0,434;-32,682;-0,117;28,425;-0,92;-4,462;-0,835;-20,991;-1,151;11,464;-0,384;271,179;-0,215;135,836;-1,248;38,109;-0,735;67,146;-0,672;22,066;-0,551;-2,508;-0,04;-8,605;-0,099
30/07/2019;2;EA;64,086;-0,01;-9,039;0,386;0,211;-0,131;2,324;0,222;-31,362;-0,438;34,073;-0,463;-16,815;0,112;-0,733;-0,716;-32,827;-0,228;28,305;-0,183;-4,442;0;-21,126;-0,307;11,212;-0,577;271,086;-0,354;134,955;-1,865;38,363;0,526;67,101;-0,629;21,803;-0,625;-2,519;-0,075;-8,596;-0,061
31/07/2019;2;EA;63,853;-0,068;-9,068;0,198;0,349;0,074;2,192;-0,071;-30,887;0,419;33,896;-0,495;-16,884;0,068;-0,425;0,091;-32,955;-0,273;28,645;0,22;-4,524;-0,062;-20,912;0,079;11,002;-0,462;270,832;-0,347;135,242;-0,594;38,576;0,467;66,726;-0,42;21,652;-0,414;-2,635;-0,127;-8,761;-0,156
01/08/2019;2;EA;63,862;-0,224;-8,898;0,141;0,392;0,181;2,277;-0,047;-30,718;0,644;33,734;-0,339;-17,048;-0,233;-0,377;0,356;-33,014;-0,187;28,676;0,371;-4,554;-0,112;-20,92;0,206;11,14;-0,072;270,665;-0,421;135,349;0,394;38,567;0,204;66,702;-0,399;21,604;-0,199;-2,709;-0,19;-8,782;-0,186
02/08/2019;2;EA;63,77;-0,083;-8,804;0,264;0,412;0,063;2,066;-0,126;-30,855;0,032;33,665;-0,231;-17,204;-0,32;-0,428;-0,003;-33,089;-0,134;28,962;0,317;-4,402;0,122;-20,884;0,028;10,811;-0,191;270,449;-0,383;135,449;0,207;38,474;-0,102;66,499;-0,227;21,582;-0,07;-2,588;0,047;-8,692;0,069
03/08/2019;2;EA;64,067;0,205;-8,799;0,099;0,437;0,045;2,228;-0,049;-30,658;0,06;33,91;0,176;-17,228;-0,18;-0,62;-0,243;-33,303;-0,289;28,302;-0,374;-4,89;-0,336;-21,261;-0,341;11,124;-0,016;271,09;0,425;135,473;0,124;38,184;-0,383;66,849;0,147;21,515;-0,089;-2,322;0,387;-8,482;0,3
04/08/2019;2;EA;63,843;0,073;-8,658;0,146;0,402;-0,01;2,152;0,086;-30,947;-0,092;33,888;0,223;-17,34;-0,136;-0,781;-0,353;-33,311;-0,222;28,448;-0,514;-4,671;-0,269;-21,39;-0,506;10,988;0,177;271,114;0,665;135,162;-0,287;38,336;-0,138;66,577;0,078;21,403;-0,179;-2,465;0,123;-8,521;0,171
17/12/2019;0;;69,358;-0,128;-8,515;-0,166;2,03;0,011;5,842;-0,153;-22,872;-0,557;40,337;-0,102;-12,457;-0,154;0,035;0,163;-28,307;-0,351;40,698;0,089;-5,096;0,227;-16,984;0,019;20,133;-0,136;281,423;0,114;138,964;0,449;40,643;0,241;77,833;0,172;31,303;-0,036;1,21;0,176;-6,917;-0,344
18/12/2019;0;;69,871;0,449;-8,831;-0,399;1,717;-0,3075;4,882;-1,0365;-23,33;-0,7365;40,129;-0,267;-13,052;-0,796;-0,137;-0,125;-28,725;-0,548;41,162;0,432;-5;0,2095;-16,937;0,0565;20,117;-0,047;281,303;-0,163;139,294;0,623;40,539;0,015;78,371;0,373;30,779;-0,794;1,039;-0,19;-6,973;-0,236
19/12/2019;0;;69,5755;0,2175;-8,8955;-0,3805;1,7275;-0,3025;4,7345;-1,1075;-23,4175;-0,5455;40,977;0,64;-13,254;-0,797;-0,233;-0,268;-29,042;-0,735;41,662;0,964;-4,831;0,265;-16,7455;0,2385;18,266;-1,867;283,221;1,798;139,134;0,17;40,793;0,15;79,071;1,238;30,384;-0,919;1,009;-0,201;-7,173;-0,256
20/12/2019;0;;69,28;-0,591;-8,96;-0,129;1,738;0,021;4,587;-0,295;-23,505;-0,175;42,108;1,979;-13,439;-0,387;-0,515;-0,378;-29,14;-0,415;41,62;0,458;-4,662;0,338;-16,554;0,383;18,822;-1,295;284,692;3,389;139,09;-0,204;40,913;0,374;78,032;-0,339;29,587;-1,192;1,071;0,032;-7,173;-0,2
21/12/2019;0;;69,128;-0,4475;-10,114;-1,2185;1,879;0,1515;5,036;0,3015;-23,837;-0,4195;42,405;1,428;-13,155;0,099;-0,116;0,117;-29,552;-0,51;41,813;0,151;-5,92;-1,089;-17,205;-0,4595;19,934;1,668;286,8;3,579;139,482;0,348;40,05;-0,743;77,648;-1,423;29,22;-1,164;1,328;0,319;-6,997;0,176
22/12/2019;0;;67,644;-1,636;-10,206;-1,246;2,112;0,374;5,972;1,385;-23,061;0,444;44,718;2,61;-13,436;0,003;-0,139;0,376;-29,469;-0,329;42,172;0,552;-5,607;-0,945;-16,125;0,429;17,65;-1,172;288,003;3,311;139,893;0,803;40,24;-0,673;73,69;-4,342;27,491;-2,096;1,731;0,66;-6,606;0,567
23/12/2019;0;;67,14266667;-1,98533333;-10,03;0,084;2,121333333;0,242333333;6,475;1,439;-23,489;0,348;45,1795;2,7745;-13,4605;-0,3055;-0,3495;-0,2335;-29,294;0,258;42,459;0,646;-5,606;0,314;-16,4;0,805;16,039;-3,895;288,578;1,778;139,566;0,084;40,064;0,014;72,60233333;-5,04566667;27,008;-2,212;1,744;0,416;-6,526333333;0,470666667
24/12/2019;1;;66,64133333;-1,00266667;-10,238;-0,032;2,130666667;0,018666667;6,807;0,835;-24,014;-0,953;45,641;0,923;-13,485;-0,049;-0,56;-0,421;-29,214;0,255;42,654;0,482;-5,538;0,069;-16,642;-0,517;14,364;-3,286;289,153;1,15;139,239;-0,654;40,041;-0,199;71,51466667;-2,17533333;26,525;-0,966;1,757;0,026;-6,446666667;0,159333333
25/12/2019;2;EA;66,14;-1,00266667;-10,452;-0,422;2,14;0,018666667;6,760666667;0,285666667;-23,91166667;-0,42266667;46,916;1,7365;-13,425;0,0355;-0,554;-0,2045;-29,571;-0,277;42,801;0,342;-5,451;0,155;-16,491;-0,091;14,64433333;-1,39466667;288,4376667;-0,1403333;139,1183333;-0,4476667;40,05366667;-0,01033333;70,427;-2,17533333;26,042;-0,966;1,77;0,026;-6,367;0,159333333
26/12/2019;2;EA;65,391;-1,25033333;-10,348;-0,11;2,301;0,170333333;6,714333333;-0,092666667;-23,80933333;0,20466667;46,769;1,128;-13,151;0,334;-0,523;0,037;-29,306;-0,092;43,278;0,624;-5,144;0,394;-16,34;0,302;14,92466667;0,56066667;287,7223333;-1,4306667;138,9976667;-0,2413333;40,06633333;0,02533333;69,227;-2,28766667;26,074;-0,451;2,036;0,279;-6,224;0,222666667
27/12/2019;2;EA;65,269;-0,871;-10,264;0,188;2,375;0,235;6,668;-0,092666667;-23,707;0,20466667;45,51;-1,406;-12,864;0,561;-0,303;0,251;-28,977;0,594;43,632;0,831;-4,966;0,485;-16,189;0,302;15,205;0,56066667;287,007;-1,4306667;138,877;-0,2413333;40,079;0,02533333;69,834;-0,593;27,218;1,176;2,168;0,398;-6,097;0,27
28/12/2019;2;EA;64,89;-0,501;-10,275;0,073;2,205;-0,096;6,678;-0,036333333;-23,373;0,43633333;44,334;-2,435;-12,744;0,407;-0,409;0,114;-28,723;0,583;43,862;0,584;-4,907;0,237;-15,822;0,518;16,591;1,66633333;285,229;-2,4933333;138,564;-0,4336667;40,149;0,08266667;70,598;1,371;28,614;2,54;2,172;0,136;-6,132;0,092
29/12/2019;2;EA;64,655;-0,614;-10,275;-0,011;1,974;-0,401;6,483;-0,185;-23,295;0,412;43,092;-2,418;-13,114;-0,25;-0,619;-0,316;-28,392;0,585;44,103;0,471;-4,915;0,051;-15,784;0,405;17,374;2,169;283,43;-3,577;138,661;-0,216;40,085;0,006;71,414;1,58;30,021;2,803;2,202;0,034;-6,316;-0,219
30/12/2019;2;EA;64,641;-0,249;-10,268;0,007;2,149;-0,056;6,353;-0,325;-23,312;0,061;42,206;-2,128;-12,892;-0,148;-0,417;-0,008;-28,215;0,508;44,47;0,608;-4,803;0,104;-15,693;0,129;17,99;1,399;281,998;-3,231;138,89;0,326;40,215;0,066;71,855;1,257;30,762;2,148;2,535;0,363;-6,327;-0,195
11/04/2020;0;;71,407;0,357;-10,418;0,043;3,304;-0,002;5,272;-0,237;-22,951;-0,264;41,441;0,042;-10,928;-0,003;1,255;0,069;-27,21;-0,084;47,897;0,129;-2,94;0,106;-13,407;-0,158;19,231;-0,116;281,631;0,115;140,907;0,4;41,962;0,289;78,987;0,534;31,294;0,077;3,052;-0,061;-5,636;-0,055
12/04/2020;0;;71,421;0,123;-10,442;-0,025;3,31;-0,003;5,172;-0,191;-23,003;-0,191;41,504;0,082;-11,007;-0,079;1,219;-0,025;-27,139;-0,038;47,911;0,123;-2,968;0,029;-13,45;-0,101;19,205;-0,079;281,704;0,125;140,945;0,219;42,044;0,209;79,086;0,289;31,39;0,127;3,099;0,048;-5,522;0,133
13/04/2020;0;;71,514;0,107;-10,312;0,106;3,271;-0,033;5,162;-0,11;-23,108;-0,157;41,573;0,132;-10,864;0,064;1,288;0,033;-27,068;0,142;47,684;-0,213;-2,985;-0,045;-13,698;-0,291;19,461;0,23;282,022;0,391;140,82;-0,087;41,994;0,032;79,395;0,408;31,598;0,304;3,126;0,074;-5,61;0,026
14/04/2020;0;;71,665;0,244;-10,368;0,074;3,294;-0,016;5,499;0,327;-22,858;0,145;41,748;0,244;-10,686;0,321;1,43;0,211;-26,969;0,17;46,807;-1,104;-3,543;-0,575;-14,09;-0,64;20,006;0,801;282,458;0,754;141,125;0,18;41,68;-0,364;79,75;0,664;31,873;0,483;3,121;0,022;-5,519;0,003
15/04/2020;0;;71,845;0,331;-10,339;-0,027;3,293;0,022;5,632;0,47;-22,647;0,461;41,752;0,179;-10,691;0,173;1,084;-0,204;-26,926;0,142;46,771;-0,913;-3,711;-0,726;-14,125;-0,427;20,193;0,732;282,626;0,604;140,754;-0,066;41,612;-0,382;79,989;0,594;32,003;0,405;3,112;-0,014;-5,393;0,217
16/04/2020;0;;71,796;0,131;-10,375;-0,007;3,298;0,004;5,567;0,068;-22,794;0,064;41,628;-0,12;-10,755;-0,069;1,06;-0,37;-26,951;0,018;47,091;0,284;-3,56;-0,017;-14,093;-0,003;20,03;0,024;282,46;0,002;140,97;-0,155;41,674;-0,006;79,868;0,118;31,981;0,108;3,155;0,034;-5,327;0,192
17/04/2020;0;;71,915;0,07;-10,075;0,264;3,313;0,02;5,587;-0,045;-22,866;-0,219;41,57;-0,182;-10,691;0;1,176;0,092;-26,911;0,015;47,277;0,506;-3,334;0,377;-14,2;-0,075;20,042;-0,151;282,412;-0,214;140,972;0,218;41,735;0,123;79,964;-0,025;32,04;0,037;3,165;0,053;-5,252;0,141
18/04/2020;1;;71,89;0,094;-9,938;0,437;3,338;0,04;5,573;0,006;-22,945;-0,151;41,662;0,034;-10,853;-0,098;1,153;0,093;-26,863;0,088;47,376;0,285;-3,114;0,446;-14,124;-0,031;19,798;-0,232;282,395;-0,065;141,287;0,317;41,818;0,144;79,784;-0,084;32,003;0,022;3,183;0,028;-5,098;0,229
19/04/2020;2;TA;71,887;-0,028;-10,042;0,033;3,381;0,068;5,325;-0,262;-22,811;0,055;41,576;0,006;-10,894;-0,203;1,193;0,017;-26,841;0,07;47,73;0,453;-3,06;0,274;-13,852;0,348;19,427;-0,615;282,208;-0,204;141,315;0,343;41,965;0,23;79,692;-0,272;31,981;-0,059;3,212;0,047;-5,166;0,086
29/11/2020;0;;76,704;0,697;-10,666;-0,439;5,895;0,019;7,813;0,361;-16,719;0,017;44,977;-0,346;-8,518;0,174;2,184;0,27;-22,714;-0,57;62,367;-0,097;-3,026;-0,316;-9,534;0,075;25,999;-0,25;287,156;-0,374;144;0,316;43,663;-0,489;85,591;-0,085;35,77;-0,746;7,264;0,146;-3,424;-0,204
30/11/2020;0;;76,808;0,381;-10,756;-0,125;5,943;0,133;8,806;1,629;-15,877;1,477;44,556;-0,639;-8,474;0,04;2,256;0,07;-22,782;-0,426;62,528;0,099;-3,372;-0,407;-9,24;0,815;26,791;0,844;286,475;-0,969;143,873;-0,053;43,398;-0,408;85,444;-0,552;35,756;-0,417;7,337;0,176;-3,463;0,116
01/12/2020;0;;76,95;0,246;-10,718;-0,052;5,96;0,065;8,876;1,063;-15,281;1,438;44,377;-0,6;-8,172;0,346;2,339;0,155;-22,795;-0,081;63,007;0,64;-3,788;-0,762;-9,301;0,233;26,28;0,281;286,098;-1,058;143,643;-0,357;43,475;-0,188;85,495;-0,096;35,904;0,134;7,321;0,057;-3,435;-0,011
02/12/2020;0;;77,352;0,544;-10,70638462;0,04961538;5,642;-0,301;8,05;-0,756;-15,629;0,248;44,294;-0,262;-8,074;0,4;2,528;0,272;-22,995;-0,213;62,97876923;0,45076923;-3,807076923;-0,435076923;-9,927;-0,687;25,379;-1,412;285,973;-0,502;143,746;-0,127;43,429;0,031;86,132;0,688;36,038;0,282;7,357;0,02;-3,481;-0,018
03/12/2020;0;;77,635;0,685;-10,69476923;0,02323077;5,181;-0,779;7,348;-1,528;-14,629;0,652;44,215;-0,162;-8,0325;0,1395;2,461;0,122;-22,71;0,085;62,95053846;-0,05646154;-3,826153846;-0,038153846;-9,527;-0,226;25,015;-1,265;285,296;-0,802;143,571;-0,072;43,454;-0,021;87,302;1,807;37,189;1,285;7,129;-0,192;-3,764;-0,329
04/12/2020;0;;77,876;0,524;-10,68315385;0,02323077;5,135;-0,507;7,412;-0,638;-13,615;2,014;44,136;-0,158;-7,991;0,083;2,587;0,059;-22,425;0,57;62,92230769;-0,05646154;-3,845230769;-0,038153846;-9,009;0,918;25,005;-0,374;284,596;-1,377;143,734;-0,012;43,477;0,048;88,032;1,9;38,101;2,063;7,051;-0,306;-3,703;-0,222
05/12/2020;0;;77,449;-0,186;-10,67153846;0,02323077;4,997;-0,184;6,952;-0,396;-13,555;1,074;44,314;0,099;-7,978;0,0545;2,652;0,191;-22,297;0,413;62,89407692;-0,05646154;-3,864307692;-0,038153846;-9,026;0,501;24,749;-0,266;284,247;-1,049;144,015;0,444;43,633;0,179;87,648;0,346;37,869;0,68;7,031;-0,098;-3,798;-0,034
06/12/2020;1;;78,625;0,749;-10,65992308;0,02323077;4,75;-0,385;4,568;-2,844;-12,929;0,686;44,476;0,34;-7,708;0,283;2,554;-0,033;-22,331;0,094;62,86584615;-0,05646154;-3,883384615;-0,038153846;-8,39;0,619;23,59;-1,415;284,49;-0,106;143,369;-0,365;43,751;0,274;89,722;1,69;38,567;0,466;7,03;-0,021;-3,558;0,145
07/12/2020;2;EA;78,723;1,274;-10,64830769;0,02323077;4,894;-0,103;4,423;-2,529;-12,649;0,906;44,342;0,028;-7,32;0,658;2,788;0,136;-22,344;-0,047;62,83761538;-0,05646154;-3,902461538;-0,038153846;-8,24;0,786;23,052;-1,697;284,043;-0,204;143,082;-0,933;43,789;0,156;89,7945;2,1465;38,71;0,841;7,2645;0,2335;-3,3455;0,4525
08/12/2020;2;EA;78,821;0,196;-10,63669231;0,02323077;5,038;0,288;4,566;-0,002;-12,075;0,854;44,665;0,189;-7,145;0,563;3,082;0,528;-22,365;-0,034;62,80938462;-0,05646153;-3,921538462;-0,038153847;-8,368;0,022;23,123;-0,467;284,796;0,306;143,468;0,099;43,4;-0,351;89,867;0,145;38,853;0,286;7,499;0,469;-3,133;0,425
09/12/2020;2;EA;78,7114;-0,0116;-10,62507692;0,02323077;5,0976;0,2036;5,591;1,168;-11,136;1,513;44,913;0,571;-6,522;0,798;3,736;0,948;-22,438;-0,094;62,78115385;-0,05646153;-3,940615385;-0,038153847;-7,87;0,37;23,425;0,373;285,635;1,592;143,747;0,665;43,618;-0,171;89,788125;-0,006375;38,825125;0,115125;7,5216;0,2571;-3,1078;0,2377
10/12/2020;2;EA;78,6018;-0,2192;-10,61346154;0,02323077;5,1572;0,1192;5,897;1,331;-11,261;0,814;45,202;0,537;-6,235;0,91;3,674;0,592;-22,455;-0,09;62,75292308;-0,05646154;-3,959692308;-0,038153846;-7,792;0,576;22,898;-0,225;285,955;1,159;143,312;-0,156;43,898;0,498;89,70925;-0,15775;38,79725;-0,05575;7,5442;0,0452;-3,0826;0,0504
11/12/2020;2;EA;78,4922;-0,2192;-10,60184615;0,02323077;5,2168;0,1192;6,57;0,979;-10,868;0,268;45,15314286;0,24014286;-5,946;0,576;3,483;-0,253;-22,448;-0,01;62,72469231;-0,05646154;-3,978769231;-0,038153846;-7,617;0,253;22,81742857;-0,60757143;285,8838571;0,2488571;142,554;-1,193;44,206;0,588;89,630375;-0,15775;38,769375;-0,05575;7,5668;0,0452;-3,0574;0,0504
12/12/2020;2;EA;78,3826;-0,2192;-10,59023077;0,02323077;5,2764;0,1192;7,249;1,352;-10,597;0,664;45,10428571;-0,09771429;-5,988;0,247;3,356;-0,318;-22,441;0,014;62,69646154;-0,05646154;-3,997846154;-0,038153846;-7,58;0,212;22,73685714;-0,16114286;285,8127143;-0,1422857;142,605;-0,707;44,381;0,483;89,5515;-0,15775;38,7415;-0,05575;7,5894;0,0452;-3,0322;0,0504
13/12/2020;2;EA+TA;78,273;-0,2192;-10,57861538;0,02323077;5,336;0,1192;8,273;1,703;-10,049;0,819;45,05542857;-0,09771429;-6,083;-0,137;3,72;0,237;-22,434;0,014;62,66823077;-0,05646154;-4,016923077;-0,038153846;-7,768;-0,151;22,65628571;-0,16114286;285,7415714;-0,1422857;143,166;0,612;44,479;0,273;89,472625;-0,15775;38,713625;-0,05575;7,612;0,0452;-3,007;0,0504
14/12/2020;2;EA;77,14;-1,2426;-10,567;0,02323077;5,419;0,1426;8,689;1,44;-10,304;0,293;45,00657143;-0,09771428;-4,356;1,632;6,158;2,802;-22,427;0,014;62,64;-0,05646154;-4,036;-0,038153846;-7,984;-0,404;22,57571429;-0,16114285;285,6704286;-0,1422857;143,188;0,583;45,131;0,75;89,39375;-0,15775;38,68575;-0,05575;7,547;-0,0424;-2,947;0,0852
15/12/2020;0;;77,902;-0,371;-10,394;0,18461538;5,658;0,322;8,325;0,052;-10,549;-0,5;44,95771429;-0,09771428;-4,601;1,482;5,936;2,216;-22,42;0,014;62,634;-0,03423077;-4,228;-0,211076923;-8,1;-0,332;22,49514286;-0,16114285;285,5992857;-0,1422857;143,199;0,033;44,973;0,494;89,314875;-0,15775;38,657875;-0,05575;7,444;-0,168;-2,914;0,093
16/12/2020;0;;77,746;0,606;-10,248;0,319;5,819;0,4;7,845;-0,844;-10,668;-0,364;44,90885714;-0,09771429;-4,852;-0,496;5,647;-0,511;-22,413;0,014;62,485;-0,155;-4,346;-0,31;-8,067;-0,083;22,41457143;-0,16114286;285,5281429;-0,1422857;143,148;-0,04;44,938;-0,193;89,236;-0,15775;38,63;-0,05575;7,558;0,011;-2,836;0,111
17/12/2020;0;;77,301;-0,601;-10,036;0,358;5,959;0,301;7,742;-0,583;-10,898;-0,349;44,86;-0,09771429;-5,054;-0,453;5,446;-0,49;-22,406;0,014;62,49;-0,144;-4,442;-0,214;-8,235;-0,135;22,334;-0,16114286;285,457;-0,1422857;143,242;0,043;44,936;-0,037;89,157125;-0,15775;38,602125;-0,05575;7,683;0,239;-2,751;0,163
18/12/2020;0;;76,991;-0,755;-9,913;0,335;6,101;0,282;7,61;-0,235;-11,007;-0,339;44,81114286;-0,09771428;-5,352;-0,5;5,137;-0,51;-22,399;0,014;62,455;-0,03;-4,515;-0,169;-8,273;-0,206;22,25342857;-0,16114286;285,3858571;-0,1422858;143,345;0,197;44,954;0,016;89,07825;-0,15775;38,57425;-0,05575;7,758;0,2;-2,744;0,092
19/12/2020;0;;76,495;-0,806;-9,792;0,244;6,268;0,309;7,757;0,015;-11,119;-0,221;44,76228571;-0,09771429;-5,624;-0,57;5,040666667;-0,405333333;-22,392;0,014;62,415;-0,075;-4,508;-0,066;-8,262;-0,027;22,17285714;-0,16114286;285,3147143;-0,1422857;143,3423333;0,1003333;44,94333333;0,00733333;88,999375;-0,15775;38,546375;-0,05575;7,919;0,236;-2,702;0,049
20/12/2020;1;;75,455;-1,536;-9,939;-0,026;6,341;0,24;7,717;0,107;-11,281;-0,274;44,71342857;-0,09771429;-5,991;-0,639;4,944333333;-0,192666667;-22,385;0,014;62,363;-0,092;-4,58;-0,065;-8,262;0,011;22,09228571;-0,16114286;285,2435714;-0,1422857;143,3396667;-0,0053333;44,93266667;-0,02133333;88,9205;-0,15775;38,5185;-0,05575;8,151;0,393;-2,587;0,157
21/12/2020;2;EA+TA;75,3115;-1,1835;-9,846;-0,054;6,3305;0,0625;7,308;-0,449;-11,436;-0,317;44,66457143;-0,09771428;-6,329;-0,705;4,848;-0,192666667;-22,378;0,014;62,438;0,023;-4,54;-0,032;-8,296;-0,034;22,01171429;-0,16114285;285,1724286;-0,1422857;143,337;-0,0053333;44,922;-0,02133333;88,841625;-0,15775;38,490625;-0,05575;8,1415;0,2225;-2,6515;0,0505
22/12/2020;2;EA+TA;75,168;-0,287;-9,774;0,165;6,32;-0,021;6,978;-0,739;-11,519;-0,238;44,61571429;-0,09771428;-6,829;-0,838;4,544;-0,400333333;-22,371;0,014;62,451;0,088;-4,588;-0,008;-8,38;-0,118;21,93114286;-0,16114285;285,1012857;-0,1422857;143,482;0,1423333;44,831;-0,10166667;88,76275;-0,15775;38,46275;-0,05575;8,132;-0,019;-2,716;-0,129
10/01/2021;0;;77,179;-0,508;-11,593;0,436;6,435;0,25;9,374;0,19;-10,075;0,751;45,377;-0,253;-5,6;-0,038;4,785;-0,069;-21,202;-0,121;61,23;-0,941;-7,418;0,389;-8,835;0,641;22,893;0,427;288,17;-0,277;145,386;0,407;43,922;1,041;85,253;-0,584;37,71;-0,041;9,095;0,379;-2,332;0,055
11/01/2021;0;;77,166;-0,244;-11,381;0,48;6,456;0,16;9,215;-0,198;-9,692;0,569;45,274;-0,179;-5,678;-0,047;4,699;-0,116;-21,103;0,018;62,019;0,452;-7,026;0,632;-8,472;0,472;22,57;-0,49;288,12;-0,13;145,405;0,039;44,115;0,488;85,142;-0,483;37,807;-0,004;9,124;0,146;-2,337;0,017
12/01/2021;0;;77,068;-0,111;-11,027;0,566;6,395;-0,04;9,095;-0,279;-10,196;-0,121;45,087;-0,29;-5,585;0,015;4,658;-0,127;-21,118;0,084;62,72;1,49;-6,393;1,025;-8,495;0,34;22,364;-0,529;287,86;-0,31;145,26;-0,126;44,328;0,406;85,083;-0,17;37,889;0,179;9,101;0,006;-2,412;-0,08
13/01/2021;0;;76,982;-0,184;-10,8;0,581;6,24;-0,216;8,809;-0,406;-10,393;-0,701;44,967;-0,307;-5,642;0,036;3,72;-0,979;-21,267;-0,164;62,889;0,87;-5,983;1,043;-8,478;-0,006;22,126;-0,444;287,755;-0,365;144,179;-1,226;44,502;0,387;85,158;0,016;37,848;0,041;8,858;-0,266;-2,463;-0,126
14/01/2021;0;;77,086;0,018;-10,407;0,62;6,315;-0,08;8,728;-0,367;-10,482;-0,286;44,839;-0,248;-5,664;-0,079;3,569;-1,089;-21,31;-0,192;63,208;0,488;-5,663;0,73;-8,525;-0,03;22,013;-0,351;287,665;-0,195;143,928;-1,332;44,603;0,275;85,265;0,182;37,881;-0,008;8,854;-0,247;-2,415;-0,003
15/01/2021;0;;76,9646;-0,0174;-10,296;0,504;6,3558;0,1158;8,726;-0,083;-10,51;-0,117;44,869;-0,098;-5,743;-0,101;3,627;-0,093;-21,267;0;63,55;0,661;-5,431;0,552;-8,467;0,011;22,189;0,063;287,826;0,071;144,082;-0,097;44,556;0,054;85,134;-0,024;37,9262;0,0782;8,8792;0,0212;-2,3868;0,0762
16/01/2021;0;;76,8432;-0,2428;-9,967;0,44;6,3966;0,0816;9,668;0,94;-9,858;0,624;44,772;-0,067;-5,381;0,283;4,216;0,647;-21,573;-0,263;63,483;0,275;-5,206;0,457;-8,068;0,457;23,37;1,357;287,499;-0,166;144,259;0,331;44,629;0,026;85,003;-0,262;37,9714;0,0904;8,9044;0,0504;-2,3586;0,0564
17/01/2021;1;;76,7218;-0,2428;-9,961;0,335;6,4374;0,0816;10,027;1,301;-9,856;0,654;44,926;0,057;-5,193;0,55;4,569;0,942;-21,564;-0,297;63,668;0,118;-5,198;0,233;-8,032;0,435;24,106;1,917;287,67;-0,156;144,496;0,414;44,585;0,029;84,872;-0,262;38,0166;0,0904;8,9296;0,0504;-2,3304;0,0564
18/01/2021;2;EA+TA;76,6004;-0,2428;-9,588;0,379;6,4782;0,0816;10,25;0,582;-9,759;0,099;45,173;0,401;-4,941;0,44;4,519;0,303;-21,301;0,272;63,668;0,185;-5,06;0,146;-7,942;0,126;24,485;1,115;287,632;0,133;143,867;-0,392;44,626;-0,003;84,741;-0,262;38,0618;0,0904;8,9548;0,0504;-2,3022;0,0564
08/02/2021;0;;76,564;0,258;-10,88;-0,709;6,706;0,047;9,055;0,354;-9,462;0,749;45,907;0,069;-5,181;0,141;4,042;0,008;-20,556;-0,001;65,2;0,62;-5,047;-0,847;-7,299;0,527;24,383;1,026;288,84;0,71;144,751;0,433;44,681;0,086;86,355;0,525;39,545;0,146;9,297;-0,063;-1,876;0,122
09/02/2021;0;;75,718;-0,985;-10,697;-0,168;6,727;-0,052;9,7;1,048;-8,978;0,976;46,045;0,353;-5,127;0,081;4,283;0,078;-20,455;0,208;64,616;-0,032;-5,183;-0,701;-7,159;0,344;25,223;1,853;288,598;0,297;144,867;0,221;44,4;-0,41;85,49;-0,742;39,668;0,351;9,499;0,25;-1,766;0,207
10/02/2021;0;;76,223;-0,341;-11,523;-0,643;6,979;0,273;10,51;1,455;-8,275;1,187;46,388;0,481;-4,746;0,435;4,65;0,608;-20,346;0,21;62,574;-2,626;-6,504;-1,457;-7,302;-0,003;25,546;1,163;289,118;0,278;145,441;0,69;44,061;-0,62;85,804;-0,551;39,639;0,094;9,66;0,363;-1,566;0,31
11/02/2021;0;;76,216;0,498;-11,219;-0,522;6,843;0,116;10,446;0,746;-8,175;0,803;46,256;0,211;-4,722;0,405;4,597;0,314;-21,065;-0,61;62,221;-2,395;-6,419;-1,236;-7,282;-0,123;25,623;0,4;289,592;0,994;145,37;0,503;44,135;-0,265;85,992;0,502;39,613;-0,055;9,873;0,374;-1,942;-0,176
12/02/2021;0;;76,656;0,433;-10,947;0,576;6,826;-0,153;10,146;-0,364;-8,618;-0,343;46,044;-0,344;-4,674;0,072;4,36;-0,29;-21,142;-0,796;62,535;-0,039;-6,061;0,443;-7,35;-0,048;25,196;-0,35;289,79;0,672;144,991;-0,45;44,516;0,455;86,375;0,571;39,557;-0,082;9,747;0,087;-2,008;-0,442
13/02/2021;0;;76,725;0,509;-11,141;0,078;6,705;-0,138;10,088;-0,358;-8,449;-0,274;46,016;-0,24;-4,712;0,01;4,209;-0,388;-21,057;0,008;63,415;1,194;-6,403;0,016;-7,407;-0,125;25,52;-0,103;289,793;0,201;144,857;-0,513;44,507;0,372;86,584;0,592;39,64;0,027;9,814;-0,059;-1,961;-0,019
14/02/2021;0;;77,048;0,392;-10,801;0,146;6,519;-0,307;9,968;-0,178;-8,173;0,445;46,031;-0,013;-4,539;0,135;4,552;0,192;-21,051;0,091;63,816;1,281;-6,268;-0,207;-7,38;-0,03;25,629;0,433;290,137;0,347;144,873;-0,118;44,555;0,039;87,009;0,634;39,64;0,083;9,676;-0,071;-2,054;-0,046
15/02/2021;1;;76,636;-0,089;-10,645;0,496;6,423;-0,282;9,938;-0,15;-8,47;-0,021;46,14;0,124;-4,753;-0,041;4,275;0,066;-21,075;-0,018;64,361;0,946;-6;0,403;-7,326;0,081;26,373;0,853;290,39;0,597;144,925;0,068;44,752;0,245;86,95;0,366;39,786;0,146;9,378;-0,436;-2,144;-0,183
16/02/2021;2;LSLF;76,996;-0,052;-10,434;0,367;6,515;-0,004;9,72;-0,248;-8,875;-0,702;45,64;-0,391;-4,818;-0,279;4,402;-0,15;-21,017;0,034;64,697;0,881;-5,602;0,666;-7,3;0,08;26,092;0,463;289,622;-0,515;144,963;0,09;44,645;0,09;87,151;0,142;39,722;0,082;9,214;-0,462;-2,093;-0,039
17/02/2021;1;;77,157;0,521;-10,234;0,411;6,53;0,107;9,269;-0,669;-9,208;-0,738;45,45333333;-0,68666667;-4,866333333;-0,113333333;4,167;-0,108;-21,07116667;0,00383333;64,799;0,438;-5,478;0,522;-7,543;-0,217;24,905;-1,468;288,32;-2,07;144,4;-0,525;44,729;-0,023;86,751;-0,199;39,109;-0,677;9,025;-0,353;-2,15;-0,006
18/02/2021;2;LF;76,901;-0,095;-10,052;0,382;6,552;0,037;8,736;-0,984;-9,613;-0,738;45,26666667;-0,37333333;-4,914666667;-0,096666667;4,283;-0,119;-21,12533333;-0,10833333;64,863;0,166;-5,282;0,32;-7,709;-0,409;23,189;-2,903;286,681;-2,941;143,933;-1,03;44,782;0,137;85,554;-1,597;38,072;-1,65;8,795;-0,419;-2,244;-0,151
19/02/2021;2;LF;76,618;-0,539;-9,838;0,396;6,562;0,032;8,159;-1,11;-10,065;-0,857;45,08;-0,37333333;-4,963;-0,096666667;4,522;0,355;-21,1795;-0,10833333;64,848;0,049;-5,112;0,366;-7,988;-0,445;21,495;-3,41;284,776;-3,544;143,993;-0,407;44,61;-0,119;84,348;-2,403;36,982;-2,127;8,502;-0,523;-2,299;-0,149
20/02/2021;1;;76,12;-0,781;-9,668;0,384;6,53;-0,022;7,595;-1,141;-10,345;-0,732;44,89333333;-0,37333334;-5,011333333;-0,096666666;4,609;0,326;-21,23366667;-0,10833334;64,823;-0,04;-5,024;0,258;-8,215;-0,506;19,955;-3,234;283,464;-3,217;143,703;-0,23;44,657;-0,125;83,081;-2,473;36,005;-2,067;8,257;-0,538;-2,38;-0,136
21/02/2021;2;LF;75,639;-0,979;-9,527;0,311;6,466;-0,096;7,031;-1,128;-10,698;-0,633;44,70666667;-0,37333333;-5,059666667;-0,096666667;4,882;0,36;-21,28783333;-0,10833333;64,759;-0,089;-4,98;0,132;-8,501;-0,513;18,28;-3,215;282,241;-2,535;143,217;-0,776;44,412;-0,198;81,653;-2,695;34,876;-2,106;7,96;-0,542;-2,53;-0,231
22/02/2021;1;;75,343;-0,777;-9,382;0,286;6,399;-0,131;6,609;-0,986;-10,869;-0,524;44,52;-0,37333333;-5,108;-0,096666667;5,03;0,421;-21,342;-0,10833333;64,707;-0,116;-4,931;0,093;-8,661;-0,446;16,837;-3,118;280,781;-2,683;142,824;-0,879;44,234;-0,423;80,472;-2,609;33,869;-2,136;7,594;-0,663;-2,592;-0,212
23/02/2021;2;LSLF;74,885;-0,754;-9,229;0,298;6,38;-0,086;6,132;-0,899;-11,117;-0,419;43,195;-1,51166667;-5,43;-0,370333333;5,162;0,28;-21,933;-0,64516667;64,59;-0,169;-4,92;0,06;-8,914;-0,413;15,206;-3,074;278,927;-3,314;142,237;-0,98;43,995;-0,417;78,986;-2,667;32,615;-2,261;7,238;-0,722;-2,623;-0,093
24/02/2021;2;LF;74,428;-0,915;-9,143;0,239;6,321;-0,078;5,696;-0,913;-11,375;-0,506;42,024;-2,496;-5,745;-0,637;5,222;0,192;-22,406;-1,064;64,471;-0,236;-4,944;-0,013;-9,167;-0,506;14,002;-2,835;277,462;-3,319;141,719;-1,105;43,79;-0,444;77,808;-2,664;31,707;-2,162;6,983;-0,611;-2,631;-0,039
25/02/2021;0;;74,33;-0,555;-9,065;0,164;6,306;-0,074;5,242;-0,89;-11,672;-0,555;40,938;-2,257;-6,111;-0,681;5,3;0,138;-22,955;-1,022;64,323;-0,267;-4,986;-0,066;-9,456;-0,542;12,672;-2,534;276,095;-2,832;141,211;-1,026;43,495;-0,5;76,88;-2,106;30,532;-2,083;6,568;-0,67;-2,749;-0,126
26/02/2021;0;;76,778;2,35;-7,98;1,163;7,17;0,849;3,061;-2,635;-11,537;-0,162;41,396;-0,628;-3,907;1,838;8,25;3,028;-22,093;0,313;65,059;0,588;-4,165;0,779;-9,674;-0,507;11,425;-2,577;274,248;-3,214;140,398;-1,321;43,29;-0,5;77,298;-0,51;28,167;-3,54;6,249;-0,734;-2,814;-0,183
27/02/2021;1;;76,736;2,406;-8,035;1,03;7,056;0,75;3,184;-2,058;-11,659;0,013;40,506;-0,432;-4,445;1,666;7,928;2,628;-22,498;0,457;64,844;0,521;-4,311;0,675;-9,835;-0,379;11,081;-1,591;273,621;-2,474;140,273;-0,938;43,128;-0,367;77,192;0,312;27,983;-2,549;6,022;-0,546;-2,877;-0,128
28/02/2021;2;LSLF;76,424;-0,354;-8,114;-0,134;6,91;-0,26;3,361;0,3;-11,956;-0,419;39,656;-1,74;-5,008;-1,101;7,531;-0,719;-23,017;-0,924;64,576;-0,483;-4,483;-0,318;-10,117;-0,443;10,464;-0,961;273,067;-1,181;140,111;-0,287;42,998;-0,292;76,634;-0,664;27,551;-0,616;5,82;-0,429;-2,974;-0,16
01/03/2021;1;;76,349;-0,387;-8,233;-0,198;6,75;-0,306;3,414;0,23;-12,119;-0,46;38,891;-1,615;-5,634;-1,189;7,205;-0,723;-23,558;-1,06;64,308;-0,536;-4,564;-0,253;-10,18;-0,345;9,851;-1,23;272,465;-1,156;140,164;-0,109;42,852;-0,276;76,321;-0,871;27,167;-0,816;5,508;-0,514;-3,006;-0,129
02/03/2021;2;LF;76,104;-0,32;-8,321;-0,207;6,646;-0,264;3,405;0,044;-12,298;-0,342;38,306;-1,35;-6,103;-1,095;6,838;-0,693;-23,957;-0,94;64,198;-0,378;-4,72;-0,237;-10,373;-0,256;9,385;-1,079;271,962;-1,105;139,789;-0,322;42,684;-0,314;75,803;-0,831;26,656;-0,895;5,296;-0,524;-3,209;-0,235
03/03/2021;1;;75,791;-0,558;-8,446;-0,213;6,494;-0,256;3,433;0,019;-12,509;-0,39;37,567;-1,324;-6,581;-0,947;6,529;-0,676;-24,353;-0,795;64,059;-0,249;-4,899;-0,335;-10,577;-0,397;8,809;-1,042;271,194;-1,271;139,565;-0,599;42,489;-0,363;75,221;-1,1;26,166;-1,001;5,052;-0,456;-3,33;-0,324
04/03/2021;2;LSLF;75,378;-0,726;-8,429;-0,108;6,308;-0,338;3,411;0,006;-12,904;-0,606;36,753;-1,553;-7,024;-0,921;6,286;-0,552;-24,786;-0,829;63,732;-0,466;-4,936;-0,216;-10,834;-0,461;8,308;-1,077;270,313;-1,649;139,276;-0,513;42,339;-0,345;74,627;-1,176;25,772;-0,884;4,815;-0,481;-3,486;-0,277
05/03/2021;0;;74,816;-0,975;-8,182;0,264;5,867;-0,627;3,111;-0,322;-13,659;-1,15;36,242;-1,325;-7,405;-0,824;6,047;-0,482;-25,142;-0,789;63,621;-0,438;-4,638;0,261;-11,298;-0,721;7,883;-0,926;269,801;-1,393;138,974;-0,591;42,019;-0,47;74,186;-1,035;25,733;-0,433;4,827;-0,225;-3,606;-0,276
06/03/2021;1;;74,913;-0,465;-8,302;0,127;5,717;-0,591;3,494;0,083;-13,569;-0,665;36,033;-0,72;-7,661;-0,637;5,894;-0,392;-25,317;-0,531;63,474;-0,258;-4,877;0,059;-11,34;-0,506;7,753;-0,555;269,417;-0,896;138,812;-0,464;41,758;-0,581;74,155;-0,472;25,467;-0,305;4,645;-0,17;-3,791;-0,305
07/03/2021;2;LSLF;74,71;-0,106;-8,387;-0,205;5,629;-0,238;3,187;0,076;-13,591;0,068;35,41;-0,832;-8,038;-0,633;5,767;-0,28;-25,641;-0,499;63,399;-0,222;-4,984;-0,346;-11,389;-0,091;6,908;-0,975;268,561;-1,24;138,549;-0,425;41,529;-0,49;73,614;-0,572;25,023;-0,71;4,541;-0,286;-3,852;-0,246
08/03/2021;0;;74,553;-0,36;-8,472;-0,17;5,573;-0,144;3,242;-0,252;-13,613;-0,044;34,968;-1,065;-8,308;-0,647;5,607;-0,287;-25,863;-0,546;63,275;-0,199;-5,091;-0,214;-11,438;-0,098;6,703;-1,05;268,099;-1,318;138,402;-0,41;41,378;-0,38;73,331;-0,824;24,781;-0,686;4,461;-0,184;-3,918;-0,127
09/03/2021;1;;74,262;-0,448;-8,558;-0,171;5,512;-0,117;3,321;0,134;-13,665;-0,074;34,714;-0,696;-8,444;-0,406;5,528;-0,239;-25,991;-0,35;63,553;0,154;-5,238;-0,254;-11,565;-0,176;6,934;0,026;268,023;-0,538;138,289;-0,26;41,323;-0,206;73,122;-0,492;24,716;-0,307;4,421;-0,12;-3,954;-0,102
10/03/2021;2;LF;73,122;-1,431;-8,566555556;-0,094555556;5,397;-0,176;3,71;0,468;-13,67033333;-0,05733333;34,3;-0,668;-8,671;-0,363;5,402;-0,205;-26,173;-0,31;63,628;0,353;-5,286777778;-0,195777778;-11,62277778;-0,18477778;7,044;0,341;267,008;-1,091;137,621;-0,781;40,766;-0,612;71,617;-1,714;24,344;-0,437;4,307;-0,154;-3,844;0,074
11/03/2021;1;;72,859;-1,403;-8,575111111;-0,017111111;5,375;-0,137;3,461;0,14;-13,67566667;-0,01066667;33,702;-1,012;-8,822;-0,378;5,579;0,051;-26,389;-0,398;63,366;-0,187;-5,335555556;-0,097555556;-11,68055556;-0,11555556;6,901;-0,033;266,148;-1,875;137,374;-0,915;40,576;-0,747;71,225;-1,897;24,082;-0,634;4,052;-0,369;-3,89;0,064
12/03/2021;2;LSLF;72,66;-0,462;-8,583666667;-0,017111111;5,337;-0,06;2,925;-0,785;-13,681;-0,01066667;33,212;-1,088;-9,076;-0,405;5,569;0,167;-26,618;-0,445;63,337;-0,291;-5,384333333;-0,097555555;-11,73833333;-0,11555555;6,135;-0,909;265,339;-1,669;137,213;-0,408;40,464;-0,302;70,826;-0,791;23,755;-0,589;3,967;-0,34;-3,846;-0,002
13/03/2021;0;;72,649;-0,21;-8,592222222;-0,017111111;5,303;-0,072;2,814;-0,647;-13,68633333;-0,01066666;32,81;-0,892;-9,191;-0,369;5,563;-0,016;-26,794;-0,405;63,132;-0,234;-5,433111111;-0,097555555;-11,79611111;-0,11555555;5,697;-1,204;264,966;-1,182;137,083;-0,291;40,342;-0,234;70,65;-0,575;23,479;-0,603;3,878;-0,174;-3,819;0,071
14/03/2021;1;;72,656;-0,004;-8,600777778;-0,017111111;5,215;-0,122;2,873;-0,052;-13,69166667;-0,01066667;32,658;-0,554;-9,288;-0,212;5,469;-0,1;-26,875;-0,257;62,7;-0,637;-5,481888889;-0,097555556;-11,85388889;-0,11555556;5,624;-0,511;264,948;-0,391;137,045;-0,168;40,119;-0,345;70,576;-0,25;23,34;-0,415;3,873;-0,094;-3,832;0,014
15/03/2021;2;LF;71,162;-1,487;-8,609333333;-0,017111111;4,858;-0,445;3,046;0,232;-13,697;-0,01066667;32,495;-0,315;-9,575;-0,384;5,515;-0,048;-27,061;-0,267;62,309;-0,823;-5,530666667;-0,097555556;-11,91166667;-0,11555556;5,909;0,212;264,453;-0,513;136,884;-0,199;39,859;-0,483;69,252;-1,398;23,225;-0,254;3,671;-0,207;-4,148;-0,329
16/03/2021;1;;69,682;-2,974;-8,617888889;-0,017111111;4,806;-0,409;3,173;0,3;-13,70233333;-0,01066666;32,517;-0,141;-9,548;-0,26;5,514;0,045;-27,156;-0,281;61,996;-0,704;-5,579444444;-0,097555555;-11,96944444;-0,11555555;5,89;0,266;264,031;-0,917;136,344;-0,701;39,708;-0,411;67,64;-2,936;23,279;-0,061;3,956;0,083;-3,847;-0,015
17/03/2021;2;LF;68,574;-2,588;-8,626444444;-0,017111111;4,704666667;-0,153333333;3,168;0,122;-13,70766667;-0,01066667;32,367;-0,128;-9,651;-0,076;5,148;-0,367;-27,272;-0,211;61,805;-0,504;-5,628222222;-0,097555555;-12,02722222;-0,11555555;5,716;-0,193;263,331;-1,122;135,334;-1,55;39,691;-0,168;65,842;-3,41;22,278;-0,947;3,993;0,322;-3,938666667;0,209333333
18/03/2021;1;;68,353;-1,329;-8,635;-0,017111111;4,603333333;-0,202666667;3,3;0,127;-13,713;-0,01066667;32,649;0,132;-9,517;0,031;5,261;-0,253;-27,244;-0,088;61,574;-0,422;-5,677;-0,097555556;-12,085;-0,11555556;5,659;-0,231;262,869;-1,162;135,027;-1,317;39,328;-0,38;65,086;-2,554;21,374;-1,905;3,886;-0,07;-4,030333333;-0,183333333
19/03/2021;2;LSLF;67,926;-0,648;-8,363;0,263444444;4,502;-0,202666667;2,973;-0,195;-14,525;-0,81733333;32,81;0,443;-9,483;0,168;5,387;0,239;-27,119;0,153;61,803;-0,002;-5,558;0,070222222;-12,803;-0,77577778;5,279;-0,437;262,147;-1,184;134,515;-0,819;39,223;-0,468;64,769;-1,073;21,2;-1,078;3,677;-0,316;-4,122;-0,183333333
20/03/2021;0;;67,037;-1,316;-8,436;0,199;4,106;-0,497333333;2,781;-0,519;-14,491;-0,778;32,674;0,025;-9,585;-0,068;5,541;0,28;-27,038;0,206;61,598;0,024;-6,049;-0,372;-13,24;-1,155;5,262;-0,397;261,509;-1,36;134,271;-0,756;39,267;-0,061;64,546;-0,54;21,918;0,544;3,684;-0,202;-4,267;-0,236666667
21/03/2021;0;;66,993;-0,933;-8,222;0,141;4,104;-0,398;3,065;0,092;-14,975;-0,45;32,521;-0,289;-9,954;-0,471;5,566;0,179;-26,836;0,283;61,597;-0,206;-6,137;-0,579;-13,474;-0,671;5,578;0,299;261,175;-0,972;134,577;0,062;39,257;0,034;64,7165;-0,0525;22,287;1,087;3,808;0,131;-4,258;-0,136
22/03/2021;0;;66,949;-0,088;-8,234;0,202;4,102;-0,004;2,882;0,101;-14,735;-0,244;32,459;-0,215;-10,207;-0,622;5,63;0,089;-26,787;0,251;61,712;0,114;-6,22;-0,171;-13,275;-0,035;5,493;0,231;260,937;-0,572;134,813;0,542;39,331;0,064;64,887;0,341;22,656;0,738;3,932;0,248;-4,249;0,018
23/03/2021;1;;98,954;31,961;0,73;8,952;4,088;-0,016;-32,395;-35,46;-14,828;0,147;32,3696;-0,1514;-10,099;-0,145;5,797;0,231;-26,845;-0,009;65,311;3,714;1,838;7,975;-13,484;-0,01;5,28;-0,298;260,9122;-0,2628;134,729;0,152;39,523;0,266;65,1636;0,4471;22,6322;0,3452;3,747;-0,061;-4,361;-0,103
24/03/2021;2;LF;94,769;27,82;-0,598;7,636;3,817;-0,285;-28,551;-31,433;-14,992;-0,257;32,2802;-0,1788;-10,139;0,068;5,936;0,306;-26,903;-0,116;65,007;3,295;0,776;6,996;-13,412;-0,137;5,067;-0,426;260,8874;-0,0496;134,375;-0,438;39,405;0,074;65,4402;0,5532;22,6084;-0,0476;3,457;-0,475;-4,502;-0,253
25/03/2021;0;;91,437;-7,517;-1,756;-2,486;3,72;-0,368;-24,879;7,516;-14,769;0,059;32,1908;-0,1788;-10,211;-0,112;6,636;0,839;-26,961;-0,116;64,602;-0,709;-0,247;-2,085;-13,218;0,266;4,854;-0,426;260,8626;-0,0496;134,745;0,016;39,419;-0,104;65,7168;0,5532;22,5846;-0,0476;3,293;-0,454;-4,646;-0,285
26/03/2021;0;;88,032;-6,737;-2,826;-2,228;3,701;-0,116;-21,162;7,389;-14,984;0,008;32,1014;-0,1788;-10,412;-0,273;6,418;0,482;-27,019;-0,116;64,258;-0,749;-1,166;-1,942;-13,346;0,066;4,641;-0,426;260,8378;-0,0496;134,774;0,399;39,416;0,011;65,9934;0,5532;22,5608;-0,0476;3,309;-0,148;-4,656;-0,154
27/03/2021;0;;86,027;-5,41;-3,625;-1,869;3,785;0,065;-17,755;7,124;-15,417;-0,648;32,012;-0,1788;-10,431;-0,22;6,176;-0,46;-27,077;-0,116;63,95;-0,652;-1,861;-1,614;-13,624;-0,406;4,428;-0,426;260,813;-0,0496;134,758;0,013;39,528;0,109;66,27;0,5532;22,537;-0,0476;3,213;-0,08;-4,794;-0,148
28/03/2021;0;;85,50075;-2,53125;-4,47;-1,644;3,83925;0,13825;-14,609;6,553;-15,82;-0,836;31,721;-0,3804;-10,456;-0,044;6,009;-0,409;-27,336;-0,317;63,653;-0,605;-2,62;-1,454;-13,93;-0,584;3,573;-1,068;260,957;0,1192;134,761;-0,013;39,483;0,067;66,46;0,4666;22,4655;-0,0953;3,236;-0,073;-4,7935;-0,1375
29/03/2021;0;;84,9745;-1,0525;-5,291;-1,666;3,8935;0,1085;-11,681;6,074;-15,941;-0,524;31,403;-0,609;-10,445;-0,014;6,072;-0,104;-27,589;-0,512;63,409;-0,541;-3,327;-1,466;-14,029;-0,405;2,905;-1,523;260,984;0,171;134,994;0,236;39,511;-0,017;66,65;0,38;22,394;-0,143;3,259;0,046;-4,793;0,001
30/03/2021;0;;84,44825;-1,0525;-6,123;-1,653;3,94775;0,1085;-9,025;5,584;-15,976;-0,156;31,131;-0,59;-10,322;0,134;6,079;0,07;-27,739;-0,403;63,251;-0,402;-3,925;-1,305;-13,934;-0,004;2,602;-0,971;261,175;0,218;135,246;0,485;39,576;0,093;66,84;0,38;22,3225;-0,143;3,282;0,046;-4,7925;0,001
31/03/2021;1;;83,922;-1,0525;-6,808;-1,517;4,002;0,1085;-6,552;5,129;-15,778;0,163;30,823;-0,58;-10,188;0,257;6,001;-0,071;-28,02;-0,431;63,072;-0,337;-4,478;-1,151;-13,736;0,293;2,274;-0,631;261,142;0,158;135,344;0,35;39,609;0,098;67,03;0,38;22,251;-0,143;3,305;0,046;-4,792;0,001
01/04/2021;2;LF;82,023;-2,42525;-7,441;-1,318;4,125;0,17725;-4,789;4,236;-15,698;0,278;30,626;-0,505;-10,634;-0,312;5,903;-0,176;-28,432;-0,693;62,924;-0,327;-5,025;-1,1;-13,639;0,295;1,059;-1,543;260,653;-0,522;135,533;0,287;39,477;-0,099;67,129;0,289;21,296;-1,0265;3,189;-0,093;-4,874;-0,0815
