day;evento;edam_ecne_eplu;edam_ecne_eplu_diff;edam_ecor_emcn;edam_ecor_emcn_diff;edam_emsg_eplu;edam_emsg_eplu_diff;edam_epdn_ecne;edam_epdn_ecne_diff;edam_epdn_emcn;edam_epdn_emcn_diff;eint_ecpn_emgl;eint_ecpn_emgl_diff;eint_esln_emgl;eint_esln_emgl_diff;eint_esln_espc;eint_esln_espc_diff;emeg_ecpn_emgl;emeg_ecpn_emgl_diff;emfn_ecor_ecri;emfn_ecor_ecri_diff;emfn_ecor_emcn;emfn_ecor_emcn_diff;emfn_emcn_epdn;emfn_emcn_epdn_diff;epdn_ecne_ecpn;epdn_ecne_ecpn_diff;epdn_eint_ecpn;epdn_eint_ecpn_diff;epdn_eint_espc;epdn_eint_espc_diff;epdn_emfn_espc;epdn_emfn_espc_diff;eplu_ecne_ecpn;eplu_ecne_ecpn_diff;eplu_emeg_ecpn;eplu_emeg_ecpn_diff;eplu_emeg_emal;eplu_emeg_emal_diff;eplu_emsg_emal;eplu_emsg_emal_diff
16/12/2018;0;-4,641;-0,3765;8,324;0,144;-0,181;-0,022;-99,37716667;0,244749995;1,402;0,043;-0,109;-0,122;0,474;0,001;1,513;-0,44;0,021;-0,0355;-9,42;-0,1505;-4,414;-0,267;0,071;-0,1855;11,11983333;0,076749995;0,021;0,2665;-1,437;-0,2855;-1,456;-0,1525;-4,552;-0,37875;-0,649;0,0445;-0,144;0,0655;-0,103;0,2215
17/12/2018;0;-4,892;-0,3765;8,623;0,377;-0,3915;-0,216;-99,214;0,24475;2,153;0,765333334;0,037;0,1055;0,605;0,1575;1,775;0,0455;-0,494;-0,5405;-9,62;-0,3435;-5,1;-0,836;-0,221;-0,353833334;11,171;0,07675;0,034;0,101833334;-0,846;0,495833334;-1,978;-0,572833334;-4,8045;-0,37875;-0,9965;-0,3045;0,0895;0,256;-0,1045;0,094
18/12/2018;0;-5,143;-0,3765;8,603;0,1295;-0,602;-0,31575;-98,634;0,661583335;2,217;0,4395;0,028;0,064;0,732;0,1925;1,168;-0,476;-2,205;-1,9685;-9,499;0,021;-5,189;-0,432;-0,264;-0,189;11,485;0,339583335;-0,038;-0,0655;-1,206;-0,0645;-2,225;-0,508;-5,057;-0,37875;-1,344;-0,52125;0,323;0,35025;-0,106;-0,00225
19/12/2018;0;-4,64;0,3775;8,558;-0,055;-0,447;0,04975;-98,81;0,114;1,83;-0,355;-0,227;-0,2595;0,766;0,0975;1,224;-0,2475;-2,104;-0,7545;-9,197;0,3625;-5,008;0,1365;-0,257;-0,0145;11,391;0,063;0,003;0,005;-1,075;-0,049;-1,951;0,1505;-4,678;0,25275;-1,275;-0,10475;0,39;0,18375;0,075;0,18025
20/12/2018;0;-3,807;1,0845;8,784;0,2035;-0,38;0,1445;-99,226;-0,504;0,543;-1,4805;-0,395;-0,2955;0,75;0,001;1,308;0,112;-1,954;0,2005;-8,591;0,757;-4,333;0,7655;-0,575;-0,3145;11,155;-0,283;0,206;0,2235;-0,826;0,3145;-1,58;0,508;-3,841;1,0265;-1,258;0,0515;0,407;0,0505;0,088;0,1035
21/12/2018;0;-3,098;1,1255;8,678;0,007;-0,251;0,1625;-99,168;-0,15;-0,16;-1,3465;-0,547;-0,236;0,75;-0,008;1,56;0,294;-1,789;0,24;-8,462;0,432;-4,034;0,6365;-0,615;-0,199;11,236;-0,037;0,247;0,1425;-0,348;0,6025;-1,412;0,3535;-3,238;1,0215;-1,264;0,0025;0,403;0,0045;0,091;0,0095
22/12/2018;0;-2,473;0,9795;8,592;-0,139;-0,024;0,2915;-99,206;-0,009;-0,392;-0,5835;-0,768;-0,297;0,783;0,033;1,881;0,447;-1,765;0,1065;-8,214;0,3125;-3,999;0,1845;-0,637;-0,042;11,31;0,1145;0,382;0,1555;0,039;0,626;-1,199;0,297;-2,689;0,8505;-1,275;-0,014;0,389;-0,016;0,098;0,0085
23/12/2018;0;-1,978;0,8075;8,493;-0,142;0,048;0,1855;-99,291;-0,104;-0,429;-0,153;-0,876;-0,2185;0,896;0,1295;2,31;0,5895;-1,62;0,157;-8,02;0,318;-3,973;0,0435;-0,506;0,12;11,409;0,136;0,306;-0,0085;0,401;0,5555;-0,932;0,3735;-2,204;0,7595;-1,248;0,0215;0,335;-0,061;0,064;-0,0305
24/12/2018;1;6,944;9,1695;7,118;-1,4245;-0,135;-0,147;-85,642;13,6065;-8,258;-7,8475;-1,782;-0,96;-2,084;-2,9235;1,808;-0,2875;-7,776;-6,0835;-6,928;1,189;-4,151;-0,165;-7,022;-6,4505;14,097;2,7375;34,56;34,216;16,79;16,57;1,351;2,4165;7,89;10,3365;1,241;2,5025;-0,847;-1,209;-1,516;-1,597
13/01/2019;0;58,85646154;0,166269235;-6,3685;-0,6235;-2,686;-0,083;16,53569231;0,128653845;-62,85775;0,266875;28,303;-0,749;-23,964;0,5035;1,352;0,0875;-42,462;0,6245;7,199;0,5725;-1,821;-0,4495;-43,61875;0,252375;-4,361846154;0,084923076;298,4595;0,22475;163,28175;0,030125;38,96975;0,071125;55,82076923;0,198115385;12,27;-0,0825;-8,923;0,3275;-11,729;0,284
14/01/2019;0;58,96730769;0,16626923;-6,624;-0,38325;-2,817;-0,1475;16,62146154;0,128653845;-62,67983333;0,266875005;27,856;-0,8335;-23,86;0,278;1,227;-0,1255;-42,094;0,5345;7,408;0,3135;-2,065;-0,366;-43,4505;0,252375;-4,305230769;0,084923077;298,6093333;0,22474995;163,3018333;0,03012495;39,01716667;0,071125005;55,95284615;0,19811538;12,507;0,3215;-9,028;-0,023;-11,611;0,2395
15/01/2019;0;59,07815385;0,166269235;-7,065;-0,56875;-2,822;-0,0705;16,70723077;0,128653845;-62,50191667;0,266874995;27,244;-0,8355;-23,802;0,11;0,835;-0,4545;-41,872;0,406;7,843;0,5395;-2,428;-0,485;-43,28225;0,252375;-4,248615385;0,084923077;298,7591667;0,22475005;163,3219167;0,03012505;39,06458333;0,071124995;56,08492308;0,19811539;12,575;0,1865;-9,027;-0,0515;-11,398;0,272
16/01/2019;0;59,189;0,16626923;-7,458;-0,6135;-2,742;0,0775;16,793;0,128653845;-62,324;0,266875;26,637;-0,913;-23,728;0,103;0,823;-0,208;-41,446;0,537;8,312;0,6865;-2,622;-0,3755;-43,114;0,252375;-4,192;0,084923077;298,909;0,22475;163,342;0,030125;39,112;0,071125;56,217;0,198115385;12,818;0,277;-8,833;0,1945;-11,193;0,3115
17/01/2019;0;60,071;0,937423075;-7,84;-0,5785;-2,579;0,203;17,404;0,653884615;-60,187;2,225958335;26,257;-0,6835;-23,856;-0,091;0,675;-0,154;-40,986;0,673;8,777;0,6995;-2,821;-0,296;-41,12;2,078125;-3,493;0,727307693;299,264;0,42991665;162,855;-0,47695835;39,406;0,317708335;57,222;1,07103846;12,932;0,2355;-8,683;0,247;-11,064;0,2315
18/01/2019;0;60,803;1,173;-8,304;-0,655;-2,532;0,1285;16,264;-0,8345;-57,445;3,8105;25,928;-0,519;-24,181;-0,389;0,345;-0,404;-40,164;1,052;9,431;0,8865;-3,139;-0,4175;-38,815;3,302;-3,698;0,1445;298,144;-0,9425;161,307;-1,7915;39,612;0,353;58,186;1,4665;13,087;0,212;-8,617;0,141;-11,032;0,0965
19/01/2019;0;61,379;0,942;-8,436;-0,364;-2,417;0,1385;15,61;-1,224;-55,516;3,3;25,974;-0,1185;-24,115;-0,0965;0,222;-0,288;-40,0268;0,5482;9,66;0,556;-3,201;-0,221;-37,226;2,7415;-3,218;0,3775;296,379;-2,325;159,784;-2,297;39,562;0,053;58,962;1,258;13,197;0,1875;-8,493;0,157;-10,928;0,12
20/01/2019;0;61,52;0,429;-8,482;-0,112;-2,331;0,1435;14,368;-1,569;-53,603;2,8775;26,02;0,069;-24,049;0,099;0,065;-0,2185;-39,8896;0,2058;9,793;0,2475;-3,23;-0,06;-35,719;2,3015;-2,953;0,505;293,869;-3,3925;157,831;-2,7145;39,393;-0,194;59,317;0,743;13,311;0,169;-8,356;0,199;-10,83;0,15
21/01/2019;1;62,054;0,6045;-8,012;0,447;-2,457;-0,083;12,822;-2,167;-52,38;2,1795;26,066;0,069;-23,983;0,099;-0,241;-0,3845;-39,7524;0,2058;10,137;0,4105;-2,805;0,4105;-34,613;1,8595;-2,924;0,1615;291,079;-4,045;155,298;-3,5095;38,842;-0,6355;59,982;0,8425;13,495;0,241;-8,42;0,0045;-10,868;0,011
22/01/2019;1;62,807;1,02;-7,194;1,053;-2,501;-0,107;12,058;-1,537;-50,04;2,9515;26,112;0,069;-23,917;0,099;0,303;0,391;-39,6152;0,2058;10,797;0,832;-2,906;0,1115;-33,637;1,529;-3,31;-0,3715;288,374;-4,1;153,452;-3,1125;38,548;-0,5695;60,456;0,8065;13,897;0,494;-9,383;-0,995;-11,226;-0,377
23/01/2019;1;62,7858;0,3553;-7,265;0,338;-2,4732;0,0058;10,309;-2,131;-48,793;2,417;26,158;0,069;-23,851;0,099;0,37;0,339;-39,478;0,2058;10,866;0,399;-2,717;0,1385;-32,441;1,684;-3,824;-0,707;285,234;-4,4925;151,438;-2,937;38,237;-0,458;60,4707;0,2517;14,0092;0,3132;-9,2828;-0,3813;-11,1786;-0,1316
24/01/2019;1;62,7646;-0,0318;-7,38;-0,1505;-2,4454;0,0417;9,222;-1,9615;-48,004;1,4125;26,862;0,727;-23,185;0,699;0,214;-0,1225;-38,75;0,7966;10,897;0,0655;-2,617;0,1945;-31,573;1,466;-3,259;0,308;282,358;-4,446;149,146;-3,299;37,78;-0,6125;60,4854;0,02205;14,1214;0,1683;-9,1826;0,1503;-11,1312;0,0711
25/01/2019;1;62,7434;-0,0318;-7,86;-0,5375;-2,4176;0,0417;8,92575;-0,83975;-45,66;2,7385;27,116;0,606;-22,883;0,635;-0,09;-0,382;-38,26;0,854;10,639;-0,2425;-3,23;-0,563;-30,18;1,827;-3,2395;0,302;279,244;-4,552;146,694;-3,598;37,236;-0,7725;60,5001;0,02205;14,2336;0,1683;-9,0824;0,1503;-11,0838;0,0711
26/01/2019;1;62,7222;-0,0318;-7,905333333;-0,285333333;-2,3898;0,0417;8,6295;-0,444375;-45,578;1,254;27,194;0,205;-22,879;0,155;-0,042;-0,104;-37,995;0,51;10,85;0,082;-3,217333333;-0,293833333;-30,02933333;0,84716667;-3,22;0,02925;277,7635;-3,0375;145,6625;-2,2575;37,08;-0,428;60,5148;0,02205;14,3458;0,1683;-8,9822;0,1503;-11,0364;0,0711
27/01/2019;1;62,701;-0,0318;-7,950666667;-0,068;-2,362;0,0417;8,33325;-0,444375;-45,496;0,123;27,217;0,062;-22,906;-0,025;-0,251;-0,185;-37,701;0,4265;11,323;0,5785;-3,204666667;0,018999999;-29,87866667;0,225999995;-3,2005;0,02925;276,283;-2,22075;144,631;-1,54725;36,924;-0,234;60,5295;0,02205;14,458;0,1683;-8,882;0,1503;-10,989;0,0711
28/01/2019;1;62,6798;-0,0318;-7,996;-0,068;-2,38;-0,0041;8,037;-0,444375;-45,414;0,123;27,28;0,0745;-22,819;0,0735;-0,42;-0,2735;-37,437;0,411;12,088;1,0015;-3,192;0,019;-29,728;0,226;-3,181;0,02925;273,508;-3,51525;142,661;-2,48575;36,261;-0,741;60,5442;0,02205;14,893;0,4911;-8,499;0,4331;-10,787;0,2257
29/01/2019;1;62,6586;-0,0318;-7,993;-0,019666667;-2,298;0,073;7,74075;-0,444375;-44,285;1,17;27,388;0,1395;-22,74;0,1225;-0,469;-0,1335;-37,251;0,318;12,214;0,5085;-3,077;0,121333334;-28,715;1,088333335;-3,1615;0,02925;270,777;-4,1185;141,01;-2,636;35,922;-0,6705;60,5589;0,02205;15,316;0,6405;-8,102;0,5885;-10,53;0,358
30/01/2019;1;62,6374;-0,0318;-8,006;-0,0115;-2,197;0,142;7,4445;-0,444375;-43,264;1,5855;27,524;0,19;-22,576;0,2035;-0,472;-0,0275;-36,952;0,392;11,862;-0,289;-3,277;-0,1425;-28,243;0,9785;-3,142;0,02925;268,484;-3,6585;139,673;-2,1625;35,277;-0,8145;60,5736;0,02205;15,751;0,6465;-7,737;0,5635;-10,23;0,4285
31/01/2019;1;62,6162;-0,0318;-8,092;-0,0925;-2,202;0,0455;7,14825;-0,444375;-42,269;1,5055;27,649;0,193;-22,195;0,463;-0,532;-0,0615;-36,702;0,3995;12,03;-0,008;-3,339;-0,162;-27,369;1,11;-3,1225;0,02925;266,593;-3,0375;137,962;-2,3795;34,892;-0,7075;60,5883;0,02205;16,108;0,5745;-7,374;0,5455;-10,055;0,325
01/02/2019;1;62,595;-0,0318;-7,718;0,331;-2,299;-0,0995;6,852;-0,444375;-41,844;0,9225;27,967;0,3805;-22,285;0,1005;-0,92;-0,418;-36,592;0,235;11,722;-0,224;-2,49;0,818;-26,431;1,375;-3,103;0,02925;264,635;-2,9035;136,449;-2,3685;35,046;-0,0385;60,603;0,02205;16,15;0,2205;-7,023;0,5325;-9,974;0,1685
02/02/2019;1;62,311;-0,2946;-8,077;-0,172;-2,21;0,0405;5,81;-1,190125;-41,909;0,1475;28,038;0,23;-22,303;-0,063;-1,034;-0,308;-36,694;-0,047;11,851;-0,025;-2,684;0,2305;-26,44;0,46;-1,998;1,11475;263,57;-2,044;135,947;-1,2585;34,952;-0,017;60,737;0,14135;15,95;-0,179;-6,924;0,2745;-9,945;0,0695
03/02/2019;1;62,035;-0,418;-7,821;0,0765;-1,999;0,2555;4,876;-1,455;-41,595;0,2815;28,027;0,0245;-22,34;-0,046;-1,269;-0,292;-36,81;-0,167;12,063;0,2765;-2,677;-0,09;-26,43;0,0055;-1,209;1,3415;262,729;-1,3735;135,373;-0,825;34,974;-0,025;60,719;0,049;15,999;-0,051;-6,718;0,2555;-9,859;0,1005
21/04/2019;0;59,41033333;0,031999995;-8,126;-0,057;-0,547666667;0,01475;0,936;0,202;-36,195;0,0525;33,231;0,026;-17,90742857;-0,03128571;-0,491428571;-0,008785713;-33,894;-0,167;19,618;0,1135;-2,861;-0,2435;-23,348;-0,217;9,748;0,425;266,423;0,409;135,305;0,272;37,194;-0,026;60,53133333;0,082999995;19,65833333;0,085999995;-4,423416667;0,0351875;-8,6885;0,019875
22/04/2019;0;59,43166667;0,032000005;-9,279;-1,1735;-0,537833333;0,014750001;0,803;-0,0895;-36,656;-0,488;33,315;0,1125;-17,92828571;-0,03128571;-0,497285714;-0,008785714;-33,978;-0,1385;19,572;-0,017;-3,198;-0,434;-23,066;0,163;10,062;0,4335;266,921;0,655;135,863;0,674;37,511;0,299;60,58666667;0,083000005;19,71566667;0,086000005;-4,399958333;0,035187501;-8,67525;0,019875
23/04/2019;0;59,453;0,032;-9,289;-0,5865;-0,528;0,01475;0,849;-0,0205;-36,448;-0,0225;33,344;0,071;-17,94914286;-0,03128572;-0,503142857;-0,008785715;-34,016;-0,08;20,157;0,562;-3,535;-0,5055;-23,301;-0,094;10,545;0,64;267,29;0,618;136,153;0,569;37,458;0,1055;60,642;0,083;19,773;0,086;-4,3765;0,0351875;-8,662;0,019875
24/04/2019;0;59,47433333;0,031999995;-9,18;0,104;-0,518166667;0,01475;0,868;0,042;-36,472;0,08;33,347;0,0175;-17,97;-0,031285715;-0,509;-0,008785714;-34,019;-0,022;20,251;0,3865;-3,523;-0,1565;-23,482;-0,2985;10,846;0,5425;267,501;0,3955;136,411;0,403;37,506;0,0215;60,69733333;0,082999995;19,83033333;0,085999995;-4,353041667;0,0351875;-8,64875;0,019875
25/04/2019;0;59,49566667;0,032000005;-9,155;0,0795;-0,508333333;0,014750001;1,227;0,3685;-36,155;0,305;33,442;0,0965;-18,173;-0,21342857;-0,662;-0,155928572;-34,072;-0,0545;20,346;0,142;-3,459;0,07;-23,278;0,1135;11,18;0,4845;267,795;0,3995;136,612;0,33;37,478;-0,004;60,75266667;0,083000005;19,88766667;0,086000005;-4,329583333;0,0351875;-8,6355;0,019875
26/04/2019;0;59,517;0,032;-8,749;0,4185;-0,4985;0,01475;1,216;0,1685;-35,983;0,3305;33,429;0,0345;-18,387;-0,3155;-0,839;-0,2535;-34,13;-0,0845;20,357;0,0585;-3,069;0,422;-22,994;0,386;11,453;0,44;267,617;-0,031;136,331;-0,1805;37,622;0,13;60,808;0,083;19,945;0,086;-4,306125;0,0351875;-8,62225;0,019875
27/04/2019;0;59,53833333;0,031999995;-8,788;0,164;-0,488666667;0,01475;1,31;0,0885;-35,886;0,183;33,547;0,1115;-18,446;-0,166;-0,915;-0,1645;-33,992;0,109;21,2;0,8485;-3,176;0,088;-23,02;0,116;11,509;0,1925;267,904;0,198;136,339;-0,1325;37,563;0,013;60,86333333;0,082999995;20,00233333;0,085999995;-4,282666667;0,0351875;-8,609;0,019875
28/04/2019;0;59,55966667;0,032000005;-8,673;0,0955;-0,478833333;0,014750001;1,395;0,132;-35,842;0,0925;33,527;0,039;-18,529;-0,1125;-1,182;-0,305;-33,905;0,156;22,159;1,3805;-3,057;0,0655;-22,945;0,062;11,5;0,019;267,879;0,1185;136,068;-0,267;37,624;0,0315;60,91866667;0,083000005;20,05966667;0,086000005;-4,259208333;0,0351875;-8,59575;0,019875
29/04/2019;1;59,581;0,032;-8,843;-0,1125;-0,469;0,01475;1,546;0,1935;-35,585;0,279;33,588;0,051;-18,405;0,0825;-1,313;-0,2645;-33,787;0,1615;23,439;1,7595;-3,48;-0,3635;-23,18;-0,1975;11,785;0,2805;268,064;0,1725;136,022;-0,1815;37,185;-0,4085;60,974;0,083;20,117;0,086;-4,23575;0,0351875;-8,5825;0,019875
30/04/2019;1;59,60233333;0,031999995;-8,699;0,059;-0,459166667;0,01475;1,723;0,2525;-35,42;0,2935;33,573;0,0155;-18,355;0,112;-1,194;0,0535;-33,729;0,117;24,199;1,4;-3,348;-0,0795;-23,18;-0,1175;11,746;0,1035;268,085;0,1135;136,104;0,059;37,117;-0,2875;61,02933333;0,082999995;20,17433333;0,085999995;-4,212291667;0,0351875;-8,56925;0,019875
01/05/2019;1;59,62366667;0,032000005;-8,732;0,039;-0,449333333;0,014750001;1,658;0,0235;-35,187;0,3155;33,495;-0,0855;-18,367;0,013;-1,185;0,0685;-33,832;-0,074;24,694;0,875;-3,304;0,11;-22,961;0,219;11,424;-0,3415;267,878;-0,1965;136,071;0,008;37,184;0,033;61,08466667;0,083000005;20,23166667;0,086000005;-4,188833333;0,035187501;-8,556;0,019875
02/05/2019;1;59,645;0,032;-8,696;0,0195;-0,4395;0,01475;1,602;-0,0885;-34,962;0,3415;33,417;-0,117;-18,516;-0,155;-1,186;0,0035;-33,804;-0,0235;25,079;0,6325;-3,262;0,064;-22,792;0,2785;11,227;-0,358;267,66;-0,3215;136,179;0,0915;37,287;0,1365;61,14;0,083;20,289;0,086;-4,165375;0,0351875;-8,54275;0,019875
03/05/2019;1;59,66633333;0,031999995;-8,737;-0,023;-0,429666667;0,01475;1,775;0,145;-35,949;-0,8745;33,599;0,143;-18,568;-0,1265;-1,271;-0,0855;-33,791;0,027;25,993;1,1065;-3,412;-0,129;-23,821;-0,9445;11,357;0,0315;268,182;0,413;136,367;0,242;36,655;-0,5805;61,19533333;0,082999995;20,34633333;0,085999995;-4,141916667;0,035187499;-8,5295;0,019875
04/05/2019;1;59,68766667;0,032000005;-8,705;0,0115;-0,419833333;0,014750001;2,082;0,3935;-36,51;-1,0545;33,728;0,22;-18,515;0,027;-1,268;-0,0395;-33,792;0,0055;26,945;1,409;-3,493;-0,156;-24,277;-0,9705;11,774;0,482;268,603;0,682;136,557;0,284;36,639;-0,332;61,25066667;0,083000005;20,40366667;0,086000005;-4,118458333;0,035187501;-8,51625;0,019875
05/05/2019;1;59,709;0,032;-8,636;0,085;-0,41;0,01475;2,607;0,6785;-35,632;0,5975;33,924;0,2605;-18,398;0,1435;-1,201;0,0685;-33,651;0,1405;26,722;0,253;-3,54;-0,0875;-23,789;0,26;11,602;0,0365;268,813;0,4205;136,644;0,182;36,49;-0,157;61,306;0,083;20,461;0,086;-4,095;0,0351875;-8,503;0,019875
22/05/2019;0;79,9385;-0,20685;-9,619;0,7055;1,0315;-0,00675;2,349;-0,3655;-32,97;-1,144;34,614;-0,1645;-17,905;0,217;-1,177;0,126;-32,091;-0,061;27,017;0,435;-4,678;1,046;-21,996;-0,223;12,371;0,0875;268,905;-0,2945;136,882;-0,061;37,689;0,3625;84,6665;-0,22635;19,90125;0,013575;-6,27525;0,037725;-10,8405;0,02775
23/05/2019;0;79,8006;-0,20685;-9,417;0,451;1,027;-0,00675;2,107;-0,3725;-33,008;-0,547;34,584;-0,087;-17,81;0,1715;-1,372;-0,172;-32,185;-0,1085;26,856;-0,0425;-4,257;0,8065;-21,792;0,0635;12,44;0,0925;268,914;-0,0875;136,406;-0,5275;38,011;0,3945;84,5156;-0,22635;19,9103;0,013575;-6,2501;0,037725;-10,822;0,02775
24/05/2019;0;79,6627;-0,20685;-9,003;0,515;1,0225;-0,00675;1,918;-0,31;-33,273;-0,284;34,408;-0,191;-17,633;0,2245;-0,999;0,2755;-32,091;0,047;26,876;-0,0605;-3,758;0,7095;-21,765;0,129;12,433;0,0275;268,551;-0,3585;136,694;0,05;38,198;0,348;84,3647;-0,22635;19,91935;0,013575;-6,22495;0,037725;-10,8035;0,02775
25/05/2019;0;79,5248;-0,20685;-8,769;0,441;1,018;-0,00675;1,586;-0,4265;-33,885;-0,7445;34,459;-0,037;-17,489;0,2325;-0,865;0,3205;-32,244;-0,106;26,838;-0,028;-3,445;0,5625;-22,188;-0,4095;12,642;0,2055;268,493;-0,2395;136,714;0,164;38,066;-0,0385;84,2138;-0,22635;19,9284;0,013575;-6,1998;0,037725;-10,785;0,02775
26/05/2019;0;79,3869;-0,20685;-9,584;-0,698;1,0135;-0,00675;1,478;-0,274;-34,572;-0,993;34,476;0,0425;-17,483;0,078;-0,622;0,31;-32,404;-0,2365;27,001;0,144;-3,193;0,4085;-21,616;0,3605;12,722;0,1845;268,53;0,008;137,154;0,45;38,319;0,187;84,0629;-0,22635;19,93745;0,013575;-6,17465;0,037725;-10,7665;0,02775
27/05/2019;0;79,249;-0,20685;-8,767;0,4095;1,009;-0,00675;0,438;-1,094;-36,359;-2,1305;34,651;0,1835;-17,451;0,035;-0,701;0,0425;-32,317;0,007;27,731;0,8115;-1,864;1,455;-22,435;-0,533;12,272;-0,41;268,456;-0,0555;137,09;0,156;38,072;-0,1205;83,912;-0,22635;19,9465;0,013575;-6,1495;0,037725;-10,748;0,02775
28/05/2019;0;79,1111;-0,20685;-8,634;0,5415;1,0045;-0,00675;0,313;-0,645;-36,648;-1,1825;34,642;0,0785;-17,508;-0,041;-1,098;-0,4365;-32,128;0,2325;28,338;0,972;-1,583;0,9455;-22,272;-0,2465;12,304;-0,193;268,323;-0,17;136,791;-0,331;38,347;0,1515;83,7611;-0,22635;19,95555;0,013575;-6,12435;0,037725;-10,7295;0,02775
29/05/2019;0;78,9732;-0,20685;-8,7715;-0,071;1;-0,00675;0,4125;0,037;-36,3805;0,123;34,92;0,2735;-17,251;0,2285;-1,083;-0,1835;-31,992;0,2305;27,991;-0,0435;-3,49;-1,7665;-23,35;-0,9965;13,237;0,949;269,047;0,6575;137,051;0,1105;37,139;-1,0705;83,6102;-0,22635;19,9646;0,013575;-6,0992;0,037725;-10,711;0,02775
30/05/2019;1;78,8353;-0,20685;-8,909;-0,20625;0,9955;-0,00675;0,512;0,14925;-36,113;0,40125;34,53;-0,251;-17,404;-0,0245;-1,033;0,0575;-32,419;-0,359;28,754;0,5895;-3,756;-1,2195;-23,146;-0,335;12,865;0,0945;269,176;0,491;136,739;-0,182;36,947;-0,796;83,4593;-0,22635;19,97365;0,013575;-6,07405;0,037725;-10,6925;0,02775
31/05/2019;1;78,6974;-0,20685;-8,833;0,00725;0,991;-0,00675;0,37;-0,09225;-35,568;0,67875;33,875;-0,85;-17,74;-0,4125;-0,887;0,171;-32,889;-0,6835;28,252;-0,1205;-3,716;-0,093;-22,826;0,422;11,908;-1,143;268,444;-0,6675;136,445;-0,45;36,98;-0,063;83,3084;-0,22635;19,9827;0,013575;-6,0489;0,037725;-10,674;0,02775
01/06/2019;1;78,5595;-0,20685;-8,687;0,184;0,9865;-0,00675;0,424;-0,017;-35,618;0,2225;33,522;-0,6805;-18,376;-0,804;-1,241;-0,281;-33,2;-0,546;27,954;-0,549;-3,483;0,253;-22,83;0,156;11,152;-1,2345;267,943;-0,867;136,179;-0,413;36,918;-0,0455;83,1575;-0,22635;19,99175;0,013575;-6,02375;0,037725;-10,6555;0,02775
02/06/2019;1;78,4216;-0,20685;-8,444;0,316;0,982;-0,00675;0,472;0,075;-35,235;0,358;32,451;-1,2475;-18,546;-0,488;-0,464;0,6;-33,559;-0,5145;27,798;-0,305;-3,467;0,1325;-22,777;0,051;10,253;-1,277;266,912;-1,2815;136,517;0,205;36,792;-0,157;83,0066;-0,22635;20,0008;0,013575;-5,9986;0,037725;-10,637;0,02775
10/07/2019;0;63,574;0,0285;-9,657;-0,253;0,159882353;0,010588236;2,179;0,3565;-31,416;-0,013;35,599;0,1845;-16,682;-0,109;-0,66;-0,434;-32,051;0,28;28,282;-0,164;-4,963;-1,016;-21,474;-1,139;13,651;0,4365;273,402;0,3415;136,438;0,1175;37,592;-1,251;67,84052941;0,04835294;22,90694118;0,036794125;-2,472352941;0,018264706;-8,434764706;-0,00917647
11/07/2019;0;63,593;0,0285;-9,463;0,0405;0,166941176;0,010588235;2,292;0,269;-31,31;0,1225;35,418;-0,0745;-16,689;-0,018;-1,22;-0,7055;-32,037;0,125;28,58;0,172;-4,78;-0,3395;-21,476;-0,5315;13,823;0,43;273,509;0,317;135,808;-0,586;37,916;-0,276;67,87276471;0,048352945;22,93147059;0,03679412;-2,460176471;0,018264706;-8,440882353;-0,00917647
12/07/2019;0;63,612;0,0285;-9,112;0,448;0,174;0,010588236;2,544;0,3085;-31,599;-0,236;35,505;-0,0035;-16,732;-0,0465;-1,701;-0,761;-32,044;0;29,094;0,663;-4,344;0,5275;-21,635;-0,16;14,046;0,309;273,829;0,3735;135,166;-0,957;38,059;0,305;67,905;0,04835294;22,956;0,036794115;-2,448;0,018264706;-8,447;-0,00917647
13/07/2019;0;63,864;0,2615;-8,993;0,2945;0,163;-0,007470588;2,749;0,331;-31,353;0,1015;35,625;0,1635;-16,719;-0,0085;-1,821;-0,3605;-31,917;0,1235;29,133;0,296;-4,652;-0,09;-21,93;-0,3745;14,331;0,3965;274,006;0,337;135,281;-0,206;37,707;-0,2805;68,467;0,578117645;23,373;0,429264705;-2,329;0,125088236;-8,386;0,057941177
14/07/2019;0;64,099;0,361;-8,865;0,1875;0,213;0,0445;3,089;0,4425;-31,356;0,12;35,668;0,103;-16,736;-0,0105;-1,778;-0,017;-32,019;-0,0385;29,253;0,1395;-4,535;-0,037;-21,964;-0,1815;14,615;0,4265;274,257;0,3395;135,653;0,4295;37,65;-0,233;68,834;0,648;23,59;0,4255;-2,135;0,2535;-8,343;0,0735
15/07/2019;0;64,088;0,1065;-8,62;0,309;0,377;0,189;2,909;-0,01;-31,262;0,0925;35,885;0,2385;-16,611;0,1165;-1,545;0,2545;-31,938;0,03;29,181;-0,012;-4,311;0,2825;-21,86;0,087;14,328;-0,145;274,043;-0,0885;135,887;0,42;37,757;0,0785;68,826;0,1755;23,634;0,1525;-2,224;0,008;-8,481;-0,1165
16/07/2019;0;64,257;0,1635;-8,652;0,0905;0,41375;0,11875;2,961;-0,038;-31,258;0,051;34,671;-1,1055;-16,858;-0,1845;-0,392;1,2695;-32,041;-0,0625;29,159;-0,058;-4,392;0,031;-21,838;0,074;13,935;-0,5365;272,758;-1,392;136,699;0,929;38,106;0,4025;68,913;0,083;23,896;0,284;-1,913;0,2665;-8,37075;0,04125
17/07/2019;0;64,248;0,0755;-8,869;-0,233;0,4505;0,055125;2,635;-0,3;-31,101;0,159;34,629;-0,649;-16,65;0,0845;-0,063;0,9055;-32,041;-0,0515;29,355;0,185;-4,29;0,0615;-21,326;0,523;13,615;-0,5165;272,506;-0,8945;137,095;0,802;38,417;0,4855;69,01;0,1405;23,945;0,18;-1,934;0,1345;-8,2605;0,165375
18/07/2019;1;64,415;0,1625;-8,785;-0,0245;0,48725;0,055125;2,37;-0,428;-31,242;-0,0625;34,657;0,007;-16,612;0,142;0,211;0,4385;-31,913;0,128;29,637;0,38;-4;0,341;-21,149;0,433;13,325;-0,45;272,451;-0,181;137,319;0,422;38,644;0,3825;69,215;0,2535;24,019;0,0985;-2,036;-0,1125;-8,15025;0,165375
19/07/2019;1;64,551;0,2195;-8,876;-0,049;0,524;0,055125;2,468;-0,0345;-31,205;-0,0335;34,621;-0,022;-16,702;-0,071;0,439;0,365;-31,96;0,017;29,637;0,141;-3,878;0,267;-20,808;0,4295;12,846;-0,624;271,958;-0,5205;138,015;0,808;38,757;0,2265;68,997;-0,1155;23,812;-0,17;-2,056;-0,071;-8,04;0,165375
20/07/2019;1;64,696;0,213;-8,987;-0,1565;0,491;-0,014625;2,538;0,119;-31,229;-0,0055;34,544;-0,095;-17,047;-0,39;0,332;0,007;-32,138;-0,2015;29,692;0,055;-3,712;0,227;-20,473;0,5055;12,462;-0,6235;271,662;-0,5425;138,134;0,467;38,822;0,1215;68,811;-0,295;23,379;-0,5365;-2,317;-0,271;-8,2;-0,104875
21/07/2019;1;64,493;-0,1305;-9,115;-0,1835;0,438;-0,0695;2,615;0,112;-31,309;-0,092;34,618;0,0355;-17,072;-0,1975;0,152;-0,2335;-32,207;-0,158;29,572;-0,0925;-3,611;0,184;-20,277;0,3635;12,538;-0,116;271,588;-0,222;137,918;-0,1565;38,766;-0,0235;68,671;-0,233;23,352;-0,2435;-2,373;-0,1865;-8,404;-0,284
22/07/2019;0;64,381;-0,2135;-9,021;0,03;0,454;-0,0105;2,485;-0,0915;-31,298;-0,029;34,653;0,072;-16,952;0,1075;0,303;0,061;-32,38;-0,2075;29,558;-0,074;-3,5;0,1615;-20,2;0,175;12,451;-0,049;271,523;-0,102;137,861;-0,165;38,669;-0,125;68,403;-0,338;23,15;-0,2155;-2,372;-0,027;-8,577;-0,275
23/07/2019;0;64,521;0,084;-9,038;0,03;0,524;0,078;2,688;0,138;-30,756;0,5475;34,694;0,0585;-17,253;-0,241;0,1;-0,1275;-32,485;-0,1915;29,179;-0,386;-3,909;-0,3535;-20,173;0,0655;12,528;0,0335;271,519;-0,0365;137,957;0,0675;38,623;-0,0945;68,309;-0,228;22,826;-0,425;-2,585;-0,2125;-8,553;-0,0625
24/07/2019;0;64,326;-0,125;-9,272;-0,2425;0,533;0,044;2,855;0,2685;-30,836;0,191;34,606;-0,0675;-17,262;-0,1595;0,152;-0,0495;-32,591;-0,1585;29,283;-0,0855;-3,732;-0,0275;-19,806;0,3805;12,851;0,3615;271,442;-0,079;138,2;0,291;38,715;0,069;68,111;-0,245;22,774;-0,214;-2,587;-0,1085;-8,589;-0,024
25/07/2019;0;64,203;-0,2205;-9,356;-0,201;0,607;0,0785;2,838;0,0665;-30,812;-0,016;34,604;-0,046;-17,125;0,1325;0,149;0,023;-32,403;0,135;29,557;0,326;-3,732;0,0885;-19,704;0,2855;12,884;0,1945;271,27;-0,2105;138,075;-0,0035;38,73;0,061;67,912;-0,298;22,678;-0,122;-2,574;0,012;-8,442;0,129
26/07/2019;0;64,118;-0,1465;-9,23;0,084;0,672;0,102;2,358;-0,4885;-30,59;0,234;34,614;0,009;-17,029;0,1645;0,148;-0,0025;-32,454;0,043;29,614;0,194;-3,71;0,022;-19,691;0,064;12,207;-0,6605;271,201;-0,155;137,713;-0,4245;38,844;0,1215;67,829;-0,1825;22,676;-0,05;-2,468;0,1125;-8,386;0,1295
27/07/2019;1;64,047;-0,1135;-9,146;0,147;0,492;-0,1475;2,035;-0,563;-30,775;-0,074;34,69;0,081;-16,948;0,129;-0,082;-0,2305;-32,565;-0,1365;29,345;-0,2405;-3,627;0,094;-19,84;-0,1425;11,848;-0,6975;271,394;0,1585;137,084;-0,81;38,844;0,057;67,818;-0,0525;22,617;-0,06;-2,468;0,053;-8,506;-0,092
28/07/2019;1;64,096;0,0135;-9,425;-0,237;0,342;-0,24;2,102;-0,0945;-30,924;-0,2415;34,536;-0,116;-16,927;0,0615;-0,017;-0,05;-32,599;-0,0895;28,488;-0,9915;-4,442;-0,7735;-20,819;-1,0535;11,789;-0,2385;271,44;0,1425;136,82;-0,5785;37,837;-1,007;67,73;-0,0935;22,428;-0,2185;-2,444;0,024;-8,535;-0,089
29/07/2019;1;63,921;-0,1505;-9,266;0,0195;0,275;-0,142;2,263;0,1945;-31,306;-0,4565;34,391;-0,222;-16,952;-0,0145;-0,516;-0,4665;-32,682;-0,1;28,425;-0,4915;-4,462;-0,4275;-20,991;-0,6615;11,464;-0,3545;271,179;-0,238;135,836;-1,116;38,109;-0,2315;67,146;-0,628;22,066;-0,4565;-2,508;-0,052;-8,605;-0,0845
30/07/2019;1;64,086;0,0775;-9,039;0,3065;0,211;-0,0975;2,324;0,1415;-31,362;-0,247;34,073;-0,3905;-16,815;0,1245;-0,733;-0,4665;-32,827;-0,1865;28,305;-0,1515;-4,442;0,01;-21,126;-0,221;11,212;-0,4145;271,086;-0,2235;134,955;-1,373;38,363;0,39;67,101;-0,337;21,803;-0,444;-2,519;-0,043;-8,596;-0,026
31/07/2019;1;63,853;-0,1505;-9,068;0,0845;0,349;0,106;2,192;-0,1015;-30,887;0,447;33,896;-0,336;-16,884;-0,0005;-0,425;0,1995;-32,955;-0,2005;28,645;0,28;-4,524;-0,072;-20,912;0,1465;11,002;-0,336;270,832;-0,3005;135,242;-0,1535;38,576;0,34;66,726;-0,3975;21,652;-0,2825;-2,635;-0,1215;-8,761;-0,1605
01/08/2019;1;63,862;-0,1075;-8,898;0,1555;0,392;0,112;2,277;0,019;-30,718;0,4065;33,734;-0,2505;-17,048;-0,1985;-0,377;0,202;-33,014;-0,123;28,676;0,201;-4,554;-0,071;-20,92;0,099;11,14;0,033;270,665;-0,294;135,349;0,2505;38,567;0,0975;66,702;-0,2115;21,604;-0,1235;-2,709;-0,132;-8,782;-0,1035
02/08/2019;1;63,77;-0,0875;-8,804;0,179;0,412;0,0415;2,066;-0,1685;-30,855;-0,0525;33,665;-0,15;-17,204;-0,238;-0,428;-0,027;-33,089;-0,1045;28,962;0,3015;-4,402;0,137;-20,884;0,032;10,811;-0,26;270,449;-0,2995;135,449;0,1535;38,474;-0,0975;66,499;-0,215;21,582;-0,046;-2,588;0,084;-8,692;0,0795
03/08/2019;1;64,067;0,251;-8,799;0,052;0,437;0,035;2,228;0,0565;-30,658;0,1285;33,91;0,2105;-17,228;-0,102;-0,62;-0,2175;-33,303;-0,2515;28,302;-0,517;-4,89;-0,412;-21,261;-0,359;11,124;0,1485;271,09;0,533;135,473;0,074;38,184;-0,3365;66,849;0,2485;21,515;-0,078;-2,322;0,3265;-8,482;0,255
04/08/2019;1;63,843;-0,0755;-8,658;0,1435;0,402;-0,0225;2,152;0,005;-30,947;-0,1905;33,888;0,1005;-17,34;-0,124;-0,781;-0,257;-33,311;-0,115;28,448;-0,184;-4,671;-0,025;-21,39;-0,3175;10,988;0,0205;271,114;0,3445;135,162;-0,299;38,336;0,007;66,577;-0,097;21,403;-0,1455;-2,465;-0,01;-8,521;0,066
17/12/2019;0;69,358;-0,096;-8,515;-0,1245;2,03;0,00825;5,842;-0,11475;-22,872;-0,41775;40,337;-0,0805;-12,457;-0,1775;0,035;0,105;-28,307;-0,2405;40,698;0,0285;-5,096;0,17025;-16,984;0,01425;20,133;-0,0835;281,423;0,0355;138,964;0,371;40,643;0,18;77,833;0,0035;31,303;-0,153;1,21;0,0785;-6,917;-0,262
18/12/2019;0;69,871;0,481;-8,831;-0,3575;1,717;-0,31025;4,882;-0,99825;-23,33;-0,59725;40,129;-0,2375;-13,052;-0,6955;-0,137;-0,1485;-28,725;-0,483;41,162;0,448;-5;0,15275;-16,937;0,05175;20,117;-0,0315;281,303;-0,1415;139,294;0,4765;40,539;-0,0445;78,371;0,4555;30,779;-0,659;1,039;-0,1805;-6,973;-0,146
19/12/2019;0;69,5755;-0,039;-8,8955;-0,2225;1,7275;-0,146;4,7345;-0,6275;-23,4175;-0,3165;40,977;0,744;-13,254;-0,4995;-0,233;-0,182;-29,042;-0,526;41,662;0,732;-4,831;0,217;-16,7455;0,215;18,266;-1,859;283,221;1,858;139,134;0,005;40,793;0,202;79,071;0,969;30,384;-0,657;1,009;-0,1155;-7,173;-0,228
20/12/2019;0;69,28;-0,44325;-8,96;-0,09675;1,738;0,01575;4,587;-0,22125;-23,505;-0,13125;42,108;1,555;-13,439;-0,286;-0,515;-0,33;-29,14;-0,2565;41,62;0,208;-4,662;0,2535;-16,554;0,28725;18,822;-0,3695;284,692;2,43;139,09;-0,124;40,913;0,247;78,032;-0,689;29,587;-0,9945;1,071;0,047;-7,173;-0,1
21/12/2019;0;69,128;-0,29975;-10,114;-1,18625;1,879;0,14625;5,036;0,37525;-23,837;-0,37575;42,405;0,8625;-13,155;0,1915;-0,116;0,258;-29,552;-0,461;41,813;0,172;-5,92;-1,1735;-17,205;-0,55525;19,934;1,39;286,8;2,8435;139,482;0,37;40,05;-0,803;77,648;-0,9035;29,22;-0,7655;1,328;0,288;-6,997;0,176
22/12/2019;0;67,644;-1,56;-10,206;-0,669;2,112;0,3035;5,972;1,1605;-23,061;0,61;44,718;2,4615;-13,436;-0,139;-0,139;0,1765;-29,469;-0,123;42,172;0,4555;-5,607;-0,316;-16,125;0,7545;17,65;-1,728;288,003;2,257;139,893;0,607;40,24;-0,2415;73,69;-4,15;27,491;-1,9125;1,731;0,5315;-6,606;0,479
23/12/2019;0;67,14266667;-1,24333333;-10,03;0,13;2,121333333;0,125833333;6,475;0,971;-23,489;-0,04;45,1795;1,618;-13,4605;-0,165;-0,3495;-0,222;-29,294;0,2165;42,459;0,4665;-5,606;0,1575;-16,4;0,265;16,039;-2,753;288,578;1,1765;139,566;-0,1215;40,064;-0,081;72,60233333;-3,06666667;27,008;-1,3475;1,744;0,2145;-6,526333333;0,275166667
24/12/2019;0;66,64133333;-0,752000005;-10,238;-0,12;2,130666667;0,014;6,807;0,5835;-24,014;-0,739;45,641;0,69225;-13,485;-0,03675;-0,56;-0,31575;-29,214;0,1675;42,654;0,3385;-5,538;0,0685;-16,642;-0,3795;14,364;-2,4805;289,153;0,8625;139,239;-0,4905;40,041;-0,111;71,51466667;-1,631499995;26,525;-0,7245;1,757;0,0195;-6,446666667;0,1195
25/12/2019;1;66,14;-0,752;-10,452;-0,318;2,14;0,014;6,760666667;0,119666667;-23,91166667;-0,16016667;46,916;1,50575;-13,425;0,04775;-0,554;-0,09925;-29,571;-0,317;42,801;0,2445;-5,451;0,121;-16,491;0,03;14,64433333;-0,55716667;288,4376667;-0,4278333;139,1183333;-0,2841667;40,05366667;0,00116667;70,427;-1,6315;26,042;-0,7245;1,77;0,0195;-6,367;0,1195
26/12/2019;1;65,391;-0,999666665;-10,348;-0,003;2,301;0,165666667;6,714333333;-0,069500001;-23,80933333;0,153500005;46,769;0,4905;-13,151;0,304;-0,523;0,034;-29,306;0,0865;43,278;0,5505;-5,144;0,3505;-16,34;0,2265;14,92466667;0,420500005;287,7223333;-1,07300005;138,9976667;-0,18099995;40,06633333;0,018999995;69,227;-1,743833335;26,074;-0,2095;2,036;0,2725;-6,224;0,182833334
27/12/2019;1;65,269;-0,4965;-10,264;0,136;2,375;0,1545;6,668;-0,0695;-23,707;0,1535;45,51;-1,3325;-12,864;0,424;-0,303;0,2355;-28,977;0,4615;43,632;0,5925;-4,966;0,3315;-16,189;0,2265;15,205;0,4205;287,007;-1,073;138,877;-0,181;40,079;0,019;69,834;0,007;27,218;1,16;2,168;0,265;-6,097;0,1985
28/12/2019;1;64,89;-0,44;-10,275;0,031;2,205;-0,133;6,678;-0,013166667;-23,373;0,385166665;44,334;-1,8055;-12,744;0,2635;-0,409;0,004;-28,723;0,4185;43,862;0,407;-4,907;0,148;-15,822;0,4425;16,591;1,526166665;285,229;-2,13566665;138,564;-0,37333335;40,149;0,076333335;70,598;1,0675;28,614;1,968;2,172;0,07;-6,132;0,0285
29/12/2019;1;64,655;-0,4245;-10,275;-0,0055;1,974;-0,316;6,483;-0,19;-23,295;0,245;43,092;-1,83;-13,114;-0,31;-0,619;-0,263;-28,392;0,458;44,103;0,356;-4,915;0,0215;-15,784;0,2215;17,374;1,476;283,43;-2,688;138,661;-0,0595;40,085;-0,029;71,414;1,198;30,021;2,105;2,202;0,032;-6,316;-0,2015
30/12/2019;1;64,641;-0,1315;-10,268;0,007;2,149;0,0595;6,353;-0,2275;-23,312;0,022;42,206;-1,507;-12,892;0,037;-0,417;0,097;-28,215;0,3425;44,47;0,4875;-4,803;0,108;-15,693;0,11;17,99;1,0075;281,998;-2,3315;138,89;0,2775;40,215;0,098;71,855;0,849;30,762;1,4445;2,535;0,348;-6,327;-0,103
11/04/2020;0;71,407;0,233;-10,418;0,021;3,304;-0,0055;5,272;-0,164;-22,951;-0,2015;41,441;0,0305;-10,928;-0,0015;1,255;0,04;-27,21;-0,0965;47,897;0,119;-2,94;0,0815;-13,407;-0,108;19,231;-0,0845;281,631;0,0835;140,907;0,2905;41,962;0,208;78,987;0,362;31,294;0,054;3,052;-0,03;-5,636;-0,018
12/04/2020;0;71,421;0,0685;-10,442;-0,0245;3,31;0,0015;5,172;-0,1455;-23,003;-0,1215;41,504;0,0725;-11,007;-0,079;1,219;-0,0305;-27,139;0,0165;47,911;0,0685;-2,968;0,0005;-13,45;-0,072;19,205;-0,0525;281,704;0,099;140,945;0,1285;42,044;0,1455;79,086;0,194;31,39;0,1115;3,099;0,0475;-5,522;0,1235
13/04/2020;0;71,514;0,1;-10,312;0,118;3,271;-0,036;5,162;-0,06;-23,108;-0,131;41,573;0,1005;-10,864;0,1035;1,288;0,051;-27,068;0,1065;47,684;-0,22;-2,985;-0,031;-13,698;-0,2695;19,461;0,243;282,022;0,3545;140,82;-0,106;41,994;-0,009;79,395;0,3585;31,598;0,256;3,126;0,0505;-5,61;-0,031
14/04/2020;0;71,665;0,1975;-10,368;0,009;3,294;0,0035;5,499;0,332;-22,858;0,1975;41,748;0,2095;-10,686;0,2495;1,43;0,1765;-26,969;0,1345;46,807;-0,9905;-3,543;-0,5665;-14,09;-0,516;20,006;0,673;282,458;0,595;141,125;0,2425;41,68;-0,339;79,75;0,5095;31,873;0,379;3,121;0,0085;-5,519;0,047
15/04/2020;0;71,845;0,2555;-10,339;0,001;3,293;0,0105;5,632;0,3015;-22,647;0,336;41,752;0,0915;-10,691;0,084;1,084;-0,275;-26,926;0,0925;46,771;-0,4745;-3,711;-0,447;-14,125;-0,231;20,193;0,4595;282,626;0,386;140,754;-0,2185;41,612;-0,225;79,989;0,4165;32,003;0,2675;3,112;-0,0115;-5,393;0,1715
16/04/2020;0;71,796;0,041;-10,375;-0,0215;3,298;0,0045;5,567;0,0015;-22,794;-0,0415;41,628;-0,122;-10,755;-0,0665;1,06;-0,197;-26,951;-0,0035;47,091;0,302;-3,56;0,067;-14,093;0,0145;20,03;-0,0695;282,46;-0,082;140,97;0,0305;41,674;0,028;79,868;-0,0015;31,981;0,043;3,155;0,0385;-5,327;0,129
17/04/2020;0;71,915;0,0945;-10,075;0,282;3,313;0,0175;5,587;-0,0125;-22,866;-0,1455;41,57;-0,12;-10,691;0,032;1,176;0,104;-26,911;0,0275;47,277;0,346;-3,334;0,3015;-14,2;-0,091;20,042;-0,0695;282,412;-0,131;140,972;0,11;41,735;0,092;79,964;0,0355;32,04;0,048;3,165;0,0315;-5,252;0,108
18/04/2020;0;71,89;0,0345;-9,938;0,287;3,338;0,0325;5,573;-0,004;-22,945;-0,115;41,662;0,063;-10,853;-0,13;1,153;0,035;-26,863;0,068;47,376;0,192;-3,114;0,333;-14,124;0,0225;19,798;-0,238;282,395;-0,041;141,287;0,316;41,818;0,1135;79,784;-0,132;32,003;-0,0075;3,183;0,023;-5,098;0,1915
19/04/2020;1;71,887;-0,0155;-10,042;-0,0355;3,381;0,0555;5,325;-0,255;-22,811;0,0945;41,576;-0,04;-10,894;-0,122;1,193;0,0285;-26,841;0,046;47,73;0,4035;-3,06;0,164;-13,852;0,31;19,427;-0,493;282,208;-0,1955;141,315;0,1855;41,965;0,1885;79,692;-0,182;31,981;-0,0405;3,212;0,038;-5,166;0,009
29/11/2020;0;76,704;0,487;-10,666;-0,237;5,895;0,052;7,813;0,4985;-16,719;0,326;44,977;-0,282;-8,518;0,085;2,184;0,134;-22,714;-0,464;62,367;-0,0795;-3,026;-0,1885;-9,534;0,298;25,999;-0,099;287,156;-0,331;144;0,195;43,663;-0,316;85,591;-0,245;35,77;-0,5745;7,264;0,1245;-3,424;-0,0245
30/11/2020;0;76,808;0,2425;-10,756;-0,1075;5,943;0,0905;8,806;1,311;-15,877;1,1595;44,556;-0,53;-8,474;0,042;2,256;0,071;-22,782;-0,247;62,528;0,13;-3,372;-0,3765;-9,24;0,5545;26,791;0,818;286,475;-0,825;143,873;-0,09;43,398;-0,3365;85,444;-0,3495;35,756;-0,2155;7,337;0,1245;-3,463;0,0385
01/12/2020;0;76,95;0,194;-10,718;-0,007;5,96;0,041;8,876;0,5665;-15,281;1,017;44,377;-0,3895;-8,172;0,324;2,339;0,119;-22,795;-0,047;63,007;0,5595;-3,788;-0,589;-9,301;0,086;26,28;-0,115;286,098;-0,7175;143,643;-0,2935;43,475;-0,0555;85,495;-0,0225;35,904;0,141;7,321;0,0205;-3,435;0,0085
02/12/2020;0;77,352;0,473;-10,70638462;0,03061538;5,642;-0,3095;8,05;-0,791;-15,629;-0,05;44,294;-0,1725;-8,074;0,249;2,528;0,2305;-22,995;-0,2065;62,97876923;0,21126923;-3,807076923;-0,227076923;-9,927;-0,6565;25,379;-1,1565;285,973;-0,3135;143,746;-0,012;43,429;-0,0075;86,132;0,6625;36,038;0,208;7,357;0,028;-3,481;-0,032
03/12/2020;0;77,635;0,484;-10,69476923;0,01742308;5,181;-0,62;7,348;-1,115;-14,629;0,826;44,215;-0,1205;-8,0325;0,0905;2,461;0,0275;-22,71;0,185;62,95053846;-0,042346155;-3,826153846;-0,028615385;-9,527;0,087;25,015;-0,8145;285,296;-0,7395;143,571;-0,1235;43,454;0,002;87,302;1,4885;37,189;1,218;7,129;-0,21;-3,764;-0,306
04/12/2020;0;77,876;0,3825;-10,68315385;0,017423075;5,135;-0,2765;7,412;-0,287;-13,615;1,514;44,136;-0,1185;-7,991;0,06225;2,587;0,0925;-22,425;0,4275;62,92230769;-0,042346155;-3,845230769;-0,028615385;-9,009;0,718;25,005;-0,192;284,596;-1,0385;143,734;0,0755;43,477;0,0355;88,032;1,315;38,101;1,4875;7,051;-0,192;-3,703;-0,0805
05/12/2020;0;77,449;-0,3065;-10,67153846;0,01742308;4,997;-0,161;6,952;-0,428;-13,555;0,567;44,314;0,1385;-7,978;0,03375;2,652;0,128;-22,297;0,2705;62,89407692;-0,042346155;-3,864307692;-0,028615385;-9,026;0,242;24,749;-0,261;284,247;-0,699;144,015;0,3625;43,633;0,1675;87,648;-0,019;37,869;0,224;7,031;-0,059;-3,798;-0,0645
06/12/2020;0;78,625;0,9625;-10,65992308;0,017423075;4,75;-0,316;4,568;-2,614;-12,929;0,656;44,476;0,251;-7,708;0,2765;2,554;-0,0655;-22,331;0,03;62,86584615;-0,042346155;-3,883384615;-0,028615385;-8,39;0,6275;23,59;-1,287;284,49;0,0685;143,369;-0,5055;43,751;0,196;89,722;1,882;38,567;0,582;7,03;-0,011;-3,558;0,1925
07/12/2020;1;78,723;0,686;-10,64830769;0,01742308;4,894;0,0205;4,423;-1,337;-12,649;0,593;44,342;-0,053;-7,32;0,523;2,788;0,185;-22,344;-0,03;62,83761538;-0,042346155;-3,902461538;-0,028615384;-8,24;0,468;23,052;-1,1175;284,043;-0,3255;143,082;-0,61;43,789;0,097;89,7945;1,1095;38,71;0,492;7,2645;0,234;-3,3455;0,3325
08/12/2020;1;78,821;0,147;-10,63669231;0,017423075;5,038;0,216;4,566;0,0705;-12,075;0,714;44,665;0,256;-7,145;0,369;3,082;0,411;-22,365;-0,0275;62,80938462;-0,042346145;-3,921538462;-0,028615386;-8,368;-0,053;23,123;-0,198;284,796;0,5295;143,468;0,2425;43,4;-0,37;89,867;0,10875;38,853;0,2145;7,499;0,35175;-3,133;0,31875
09/12/2020;1;78,7114;-0,0606;-10,62507692;0,01742308;5,0976;0,1316;5,591;1,0965;-11,136;1,226;44,913;0,4095;-6,522;0,7105;3,736;0,801;-22,438;-0,0835;62,78115385;-0,04234615;-3,940615385;-0,028615385;-7,87;0,434;23,425;0,3375;285,635;1,2155;143,747;0,472;43,618;0,0235;89,788125;-0,042625;38,825125;0,043625;7,5216;0,13985;-3,1078;0,13145
10/12/2020;1;78,6018;-0,1644;-10,61346154;0,017423075;5,1572;0,0894;5,897;0,8185;-11,261;0,3445;45,202;0,413;-6,235;0,5985;3,674;0,265;-22,455;-0,0535;62,75292308;-0,042346155;-3,959692308;-0,028615385;-7,792;0,327;22,898;-0,376;285,955;0,7395;143,312;-0,2955;43,898;0,389;89,70925;-0,1183125;38,79725;-0,0418125;7,5442;0,0339;-3,0826;0,0378
11/12/2020;1;78,4922;-0,1644;-10,60184615;0,01742308;5,2168;0,0894;6,57;0,826;-10,868;0,3305;45,15314286;0,09564286;-5,946;0,4325;3,483;-0,222;-22,448;-0,0015;62,72469231;-0,042346155;-3,978769231;-0,028615384;-7,617;0,214;22,81742857;-0,34407143;285,8838571;0,0888571;142,554;-0,9755;44,206;0,448;89,630375;-0,1183125;38,769375;-0,0418125;7,5668;0,0339;-3,0574;0,0378
12/12/2020;1;78,3826;-0,1644;-10,59023077;0,017423075;5,2764;0,0894;7,249;1,0155;-10,597;0,4675;45,10428571;-0,07328572;-5,988;0,1025;3,356;-0,2225;-22,441;0,0105;62,69646154;-0,042346155;-3,997846154;-0,028615384;-7,58;0,1245;22,73685714;-0,120857145;285,8127143;-0,10671425;142,605;-0,328;44,381;0,329;89,5515;-0,1183125;38,7415;-0,0418125;7,5894;0,0339;-3,0322;0,0378
13/12/2020;1;78,273;-0,1644;-10,57861538;0,01742308;5,336;0,0894;8,273;1,3635;-10,049;0,6835;45,05542857;-0,073285715;-6,083;-0,116;3,72;0,3005;-22,434;0,0105;62,66823077;-0,042346155;-4,016923077;-0,028615385;-7,768;-0,1695;22,65628571;-0,120857145;285,7415714;-0,1067143;143,166;0,5865;44,479;0,1855;89,472625;-0,1183125;38,713625;-0,0418125;7,612;0,0339;-3,007;0,0378
14/12/2020;1;77,14;-1,1878;-10,567;0,017423075;5,419;0,1128;8,689;0,928;-10,304;0,019;45,00657143;-0,07328571;-4,356;1,6795;6,158;2,62;-22,427;0,0105;62,64;-0,042346155;-4,036;-0,028615384;-7,984;-0,31;22,57571429;-0,120857135;285,6704286;-0,10671425;143,188;0,3025;45,131;0,701;89,39375;-0,1183125;38,68575;-0,0418125;7,547;-0,0537;-2,947;0,0726
15/12/2020;0;77,902;0,1955;-10,394;0,17880769;5,658;0,2805;8,325;-0,156;-10,549;-0,3725;44,95771429;-0,07328571;-4,601;0,6185;5,936;0,997;-22,42;0,0105;62,634;-0,020115385;-4,228;-0,201538462;-8,1;-0,224;22,49514286;-0,12085714;285,5992857;-0,1067143;143,199;0,022;44,973;0,168;89,314875;-0,1183125;38,657875;-0,0418125;7,444;-0,1355;-2,914;0,063
16/12/2020;0;77,746;0,225;-10,248;0,2325;5,819;0,2805;7,845;-0,662;-10,668;-0,2415;44,90885714;-0,07328572;-4,852;-0,3735;5,647;-0,4;-22,413;0,0105;62,485;-0,152;-4,346;-0,214;-8,067;-0,025;22,41457143;-0,120857145;285,5281429;-0,10671425;143,148;-0,0455;44,938;-0,114;89,236;-0,1183125;38,63;-0,0418125;7,558;0,0625;-2,836;0,0945
17/12/2020;0;77,301;-0,523;-10,036;0,285;5,959;0,2205;7,742;-0,343;-10,898;-0,2895;44,86;-0,073285715;-5,054;-0,3275;5,446;-0,3455;-22,406;0,0105;62,49;-0,0695;-4,442;-0,155;-8,235;-0,1515;22,334;-0,120857145;285,457;-0,1067143;143,242;0,0685;44,936;-0,0195;89,157125;-0,1183125;38,602125;-0,0418125;7,683;0,182;-2,751;0,124
18/12/2020;0;76,991;-0,5325;-9,913;0,229;6,101;0,212;7,61;-0,1835;-11,007;-0,224;44,81114286;-0,07328571;-5,352;-0,399;5,137;-0,4095;-22,399;0,0105;62,455;-0,0325;-4,515;-0,121;-8,273;-0,122;22,25342857;-0,120857145;285,3858571;-0,10671435;143,345;0,15;44,954;0,017;89,07825;-0,1183125;38,57425;-0,0418125;7,758;0,1375;-2,744;0,0495
19/12/2020;0;76,495;-0,651;-9,792;0,1825;6,268;0,238;7,757;0,081;-11,119;-0,1665;44,76228571;-0,07328572;-5,624;-0,421;5,040666667;-0,250833333;-22,392;0,0105;62,415;-0,0575;-4,508;-0,0295;-8,262;-0,008;22,17285714;-0,120857145;285,3147143;-0,10671425;143,3423333;0,0488333;44,94333333;-0,00166667;88,999375;-0,1183125;38,546375;-0,0418125;7,919;0,1985;-2,702;0,0455
20/12/2020;0;75,455;-1,288;-9,939;-0,0865;6,341;0,1565;7,717;0,0335;-11,281;-0,218;44,71342857;-0,073285715;-5,991;-0,503;4,944333333;-0,144500001;-22,385;0,0105;62,363;-0,072;-4,58;-0,0685;-8,262;0,0055;22,09228571;-0,120857145;285,2435714;-0,1067143;143,3396667;-0,00399995;44,93266667;-0,015999995;88,9205;-0,1183125;38,5185;-0,0418125;8,151;0,3125;-2,587;0,136
21/12/2020;1;75,3115;-0,6635;-9,846;0,0195;6,3305;0,026;7,308;-0,429;-11,436;-0,236;44,66457143;-0,07328571;-6,329;-0,5215;4,848;-0,1445;-22,378;0,0105;62,438;0,049;-4,54;0,004;-8,296;-0,034;22,01171429;-0,120857135;285,1724286;-0,10671425;143,337;-0,004;44,922;-0,016;88,841625;-0,1183125;38,490625;-0,0418125;8,1415;0,1065;-2,6515;-0,007
22/12/2020;1;75,168;-0,21525;-9,774;0,1185;6,32;-0,01575;6,978;-0,5345;-11,519;-0,1605;44,61571429;-0,07328571;-6,829;-0,669;4,544;-0,352166667;-22,371;0,0105;62,451;0,0505;-4,588;-0,028;-8,38;-0,101;21,93114286;-0,12085714;285,1012857;-0,1067143;143,482;0,14366665;44,831;-0,096333335;88,76275;-0,1183125;38,46275;-0,0418125;8,132;-0,01425;-2,716;-0,09675
10/01/2021;0;77,179;-0,3695;-11,593;0,352;6,435;0,1945;9,374;0,0755;-10,075;0,4685;45,377;-0,1645;-5,6;-0,0035;4,785;-0,0495;-21,202;-0,101;61,23;-0,639;-7,418;0,3145;-8,835;0,375;22,893;0,13;288,17;-0,1785;145,386;0,2135;43,922;0,668;85,253;-0,478;37,71;-0,071;9,095;0,248;-2,332;0,0385
11/01/2021;0;77,166;-0,1285;-11,381;0,346;6,456;0,0905;9,215;-0,1785;-9,692;0,476;45,274;-0,141;-5,678;-0,0625;4,699;-0,101;-21,103;0,0585;62,019;0,6205;-7,026;0,512;-8,472;0,4175;22,57;-0,4065;288,12;-0,09;145,405;0,029;44,115;0,3405;85,142;-0,297;37,807;0,0465;9,124;0,0875;-2,337;0,006
12/01/2021;0;77,068;-0,1045;-11,027;0,46;6,395;-0,0505;9,095;-0,1995;-10,196;-0,3125;45,087;-0,2385;-5,585;0,054;4,658;-0,084;-21,118;0,0345;62,72;1,0955;-6,393;0,829;-8,495;0,1585;22,364;-0,3675;287,86;-0,285;145,26;-0,1355;44,328;0,3095;85,083;-0,1145;37,889;0,1305;9,101;-0,0085;-2,412;-0,0775
13/01/2021;0;76,982;-0,135;-10,8;0,404;6,24;-0,1855;8,809;-0,346;-10,393;-0,449;44,967;-0,2135;-5,642;-0,0105;3,72;-0,9585;-21,267;-0,1565;62,889;0,5195;-5,983;0,7265;-8,478;0,0055;22,126;-0,341;287,755;-0,235;144,179;-1,1535;44,502;0,2805;85,158;0,0455;37,848;0;8,858;-0,2545;-2,463;-0,0885
14/01/2021;0;77,086;0,061;-10,407;0,5065;6,315;-0,0025;8,728;-0,224;-10,482;-0,1875;44,839;-0,188;-5,664;-0,0505;3,569;-0,62;-21,31;-0,1175;63,208;0,4035;-5,663;0,525;-8,525;-0,0385;22,013;-0,232;287,665;-0,1425;143,928;-0,7915;44,603;0,188;85,265;0,1445;37,881;0,0125;8,854;-0,1255;-2,415;0,0225
15/01/2021;0;76,9646;-0,0694;-10,296;0,3075;6,3558;0,0783;8,726;-0,0425;-10,51;-0,0725;44,869;-0,034;-5,743;-0,09;3,627;-0,0175;-21,267;0,0215;63,55;0,5015;-5,431;0,392;-8,467;0,0345;22,189;0,1195;287,826;0,116;144,082;0,0285;44,556;0,0035;85,134;-0,0775;37,9262;0,0617;8,8792;0,0232;-2,3868;0,0522
16/01/2021;0;76,8432;-0,1821;-9,967;0,3845;6,3966;0,0612;9,668;0,941;-9,858;0,638;44,772;-0,082;-5,381;0,3225;4,216;0,618;-21,573;-0,2845;63,483;0,104;-5,206;0,341;-8,068;0,428;23,37;1,269;287,499;-0,2465;144,259;0,254;44,629;0,0495;85,003;-0,1965;37,9714;0,0678;8,9044;0,0378;-2,3586;0,0423
17/01/2021;0;76,7218;-0,1821;-9,961;0,1705;6,4374;0,0612;10,027;0,83;-9,856;0,328;44,926;0,1055;-5,193;0,369;4,569;0,6475;-21,564;-0,144;63,668;0,1515;-5,198;0,1205;-8,032;0,2355;24,106;1,3265;287,67;0,0075;144,496;0,3255;44,585;-0,0075;84,872;-0,1965;38,0166;0,0678;8,9296;0,0378;-2,3304;0,0423
18/01/2021;1;76,6004;-0,1821;-9,588;0,376;6,4782;0,0612;10,25;0,4025;-9,759;0,098;45,173;0,324;-4,941;0,346;4,519;0,1265;-21,301;0,2675;63,668;0,0925;-5,06;0,142;-7,942;0,108;24,485;0,747;287,632;0,0475;143,867;-0,5105;44,626;0,019;84,741;-0,1965;38,0618;0,0678;8,9548;0,0378;-2,3022;0,0423
08/02/2021;0;76,564;0,0595;-10,88;-0,53;6,706;-0,013;9,055;0,3785;-9,462;0,6205;45,907;0,142;-5,181;0,084;4,042;-0,0775;-20,556;0,053;65,2;0,586;-5,047;-0,706;-7,299;0,3655;24,383;1,0195;288,84;0,6245;144,751;0,269;44,681;-0,0215;86,355;0,324;39,545;0,187;9,297;-0,0075;-1,876;0,1095
09/02/2021;0;75,718;-0,9155;-10,697;0,0075;6,727;-0,0155;9,7;0,8465;-8,978;0,73;46,045;0,2455;-5,127;0,0675;4,283;0,1595;-20,455;0,1545;64,616;-0,308;-5,183;-0,4185;-7,159;0,242;25,223;1,3465;288,598;0,0275;144,867;0,1685;44,4;-0,3455;85,49;-0,8035;39,668;0,237;9,499;0,226;-1,766;0,1585
10/02/2021;0;76,223;0,082;-11,523;-0,7345;6,979;0,2625;10,51;1,1325;-8,275;0,945;46,388;0,412;-4,746;0,408;4,65;0,4875;-20,346;0,1595;62,574;-2,334;-6,504;-1,389;-7,302;-0,073;25,546;0,743;289,118;0,399;145,441;0,632;44,061;-0,4795;85,804;-0,1185;39,639;0,0325;9,66;0,262;-1,566;0,255
11/02/2021;0;76,216;0,2455;-11,219;-0,109;6,843;-0,01;10,446;0,341;-8,175;0,4515;46,256;0,0395;-4,722;0,2145;4,597;0,1305;-21,065;-0,6645;62,221;-1,374;-6,419;-0,5755;-7,282;-0,0515;25,623;0,2385;289,592;0,734;145,37;0,216;44,135;-0,0955;85,992;0,345;39,613;-0,0405;9,873;0,2935;-1,942;-0,276
12/02/2021;0;76,656;0,4365;-10,947;0,424;6,826;-0,085;10,146;-0,332;-8,618;-0,393;46,044;-0,278;-4,674;0,06;4,36;-0,2635;-21,142;-0,4365;62,535;0,1375;-6,061;0,4005;-7,35;-0,058;25,196;-0,3885;289,79;0,435;144,991;-0,4145;44,516;0,418;86,375;0,477;39,557;-0,069;9,747;-0,0195;-2,008;-0,254
13/02/2021;0;76,725;0,289;-11,141;-0,058;6,705;-0,1295;10,088;-0,208;-8,449;-0,0525;46,016;-0,134;-4,712;-0,014;4,209;-0,2695;-21,057;0,0465;63,415;1,037;-6,403;-0,163;-7,407;-0,091;25,52;0,1105;289,793;0,102;144,857;-0,3235;44,507;0,1815;86,584;0,4005;39,64;0,055;9,814;0,004;-1,961;0,014
14/02/2021;0;77,048;0,3575;-10,801;0,243;6,519;-0,2465;9,968;-0,149;-8,173;0,3605;46,031;0,001;-4,539;0,154;4,552;0,2675;-21,051;0,0485;63,816;0,841;-6,268;-0,036;-7,38;-0,0015;25,629;0,271;290,137;0,3455;144,873;-0,051;44,555;0,0435;87,009;0,5295;39,64;0,0415;9,676;-0,1045;-2,054;-0,0695
15/02/2021;0;76,636;-0,2505;-10,645;0,326;6,423;-0,189;9,938;-0,09;-8,47;-0,159;46,14;0,1165;-4,753;-0,1275;4,275;-0,1055;-21,075;-0,021;64,361;0,7455;-6;0,3355;-7,326;0,0675;26,373;0,7985;290,39;0,425;144,925;0,06;44,752;0,221;86,95;0,1535;39,786;0,146;9,378;-0,367;-2,144;-0,1365
16/02/2021;1;76,996;0,154;-10,434;0,289;6,515;0,044;9,72;-0,233;-8,875;-0,5535;45,64;-0,4455;-4,818;-0,172;4,402;-0,0115;-21,017;0,046;64,697;0,6085;-5,602;0,532;-7,3;0,053;26,092;0,091;289,622;-0,6415;144,963;0,064;44,645;-0,0085;87,151;0,1715;39,722;0,009;9,214;-0,313;-2,093;0,006
17/02/2021;0;77,157;0,341;-10,234;0,3055;6,53;0,061;9,269;-0,56;-9,208;-0,5355;45,45333333;-0,43666667;-4,866333333;-0,080833333;4,167;-0,1715;-21,07116667;-0,02516667;64,799;0,27;-5,478;0,323;-7,543;-0,23;24,905;-1,3275;288,32;-1,686;144,4;-0,544;44,729;0,0305;86,751;-0,2995;39,109;-0,645;9,025;-0,271;-2,15;-0,0315
18/02/2021;1;76,901;-0,1755;-10,052;0,282;6,552;0,0295;8,736;-0,7585;-9,613;-0,5715;45,26666667;-0,279999995;-4,914666667;-0,0725;4,283;-0,0015;-21,12533333;-0,081249995;64,863;0,115;-5,282;0,258;-7,709;-0,2875;23,189;-2,3095;286,681;-2,29;143,933;-0,7485;44,782;0,095;85,554;-1,397;38,072;-1,3435;8,795;-0,3245;-2,244;-0,1225
19/02/2021;1;76,618;-0,411;-9,838;0,305;6,562;0,021;8,159;-0,8435;-10,065;-0,6545;45,08;-0,28;-4,963;-0,0725;4,522;0,297;-21,1795;-0,08125;64,848;0,017;-5,112;0,268;-7,988;-0,362;21,495;-2,552;284,776;-2,7245;143,993;-0,1735;44,61;-0,1455;84,348;-1,8045;36,982;-1,6085;8,502;-0,408;-2,299;-0,102
20/02/2021;0;76,12;-0,6395;-9,668;0,277;6,53;-0,027;7,595;-0,8525;-10,345;-0,506;44,89333333;-0,280000005;-5,011333333;-0,072499999;4,609;0,2065;-21,23366667;-0,081250005;64,823;-0,0325;-5,024;0,173;-8,215;-0,3665;19,955;-2,387;283,464;-2,2645;143,703;-0,26;44,657;-0,039;83,081;-1,87;36,005;-1,522;8,257;-0,3915;-2,38;-0,1085
21/02/2021;1;75,639;-0,73;-9,527;0,226;6,466;-0,08;7,031;-0,846;-10,698;-0,493;44,70666667;-0,279999995;-5,059666667;-0,0725;4,882;0,3165;-21,28783333;-0,081249995;64,759;-0,0765;-4,98;0,088;-8,501;-0,3995;18,28;-2,445;282,241;-1,879;143,217;-0,631;44,412;-0,2215;81,653;-2,0615;34,876;-1,6175;7,96;-0,4195;-2,53;-0,1905
22/02/2021;0;75,343;-0,5365;-9,382;0,2155;6,399;-0,099;6,609;-0,704;-10,869;-0,3475;44,52;-0,28;-5,108;-0,0725;5,03;0,2845;-21,342;-0,08125;64,707;-0,084;-4,931;0,071;-8,661;-0,303;16,837;-2,2805;280,781;-2,0715;142,824;-0,636;44,234;-0,3005;80,472;-1,895;33,869;-1,5715;7,594;-0,5145;-2,592;-0,137
23/02/2021;1;74,885;-0,606;-9,229;0,2255;6,38;-0,0525;6,132;-0,688;-11,117;-0,3335;43,195;-1,418333335;-5,43;-0,346166667;5,162;0,206;-21,933;-0,618083335;64,59;-0,143;-4,92;0,0355;-8,914;-0,333;15,206;-2,3525;278,927;-2,584;142,237;-0,7835;43,995;-0,328;78,986;-2,0765;32,615;-1,7575;7,238;-0,539;-2,623;-0,062
24/02/2021;1;74,428;-0,686;-9,143;0,1625;6,321;-0,0685;5,696;-0,6745;-11,375;-0,382;42,024;-1,8335;-5,745;-0,476;5,222;0,126;-22,406;-0,7685;64,471;-0,1775;-4,944;-0,0185;-9,167;-0,3795;14,002;-2,0195;277,462;-2,392;141,719;-0,8115;43,79;-0,3245;77,808;-1,921;31,707;-1,535;6,983;-0,433;-2,631;-0,0235
25/02/2021;0;74,33;-0,3265;-9,065;0,121;6,306;-0,0445;5,242;-0,672;-11,672;-0,426;40,938;-1,6715;-6,111;-0,5235;5,3;0,108;-22,955;-0,7855;64,323;-0,2075;-4,986;-0,054;-9,456;-0,4155;12,672;-1,932;276,095;-2,0995;141,211;-0,767;43,495;-0,3975;76,88;-1,517;30,532;-1,629;6,568;-0,5425;-2,749;-0,122
26/02/2021;0;76,778;2,399;-7,98;1,124;7,17;0,8565;3,061;-2,408;-11,537;-0,0135;41,396;-0,085;-3,907;2,021;8,25;2,989;-22,093;0,5875;65,059;0,662;-4,165;0,8;-9,674;-0,3625;11,425;-1,912;274,248;-2,5305;140,398;-1,067;43,29;-0,3525;77,298;-0,046;28,167;-2,9525;6,249;-0,5265;-2,814;-0,124
27/02/2021;0;76,736;1,182;-8,035;0,4875;7,056;0,318;3,184;-0,9675;-11,659;-0,0545;40,506;-0,661;-4,445;0,564;7,928;1,153;-22,498;0,026;64,844;0,153;-4,311;0,2645;-9,835;-0,27;11,081;-0,9675;273,621;-1,5505;140,273;-0,5315;43,128;-0,2645;77,192;0,103;27,983;-1,3665;6,022;-0,3865;-2,877;-0,0955
28/02/2021;1;76,424;-0,333;-8,114;-0,1065;6,91;-0,203;3,361;0,2385;-11,956;-0,358;39,656;-1,295;-5,008;-0,832;7,531;-0,558;-23,017;-0,7215;64,576;-0,3755;-4,483;-0,245;-10,117;-0,3625;10,464;-0,789;273,067;-0,8675;140,111;-0,2245;42,998;-0,211;76,634;-0,611;27,551;-0,524;5,82;-0,3155;-2,974;-0,1285
01/03/2021;0;76,349;-0,231;-8,233;-0,1585;6,75;-0,233;3,414;0,1415;-12,119;-0,3115;38,891;-1,19;-5,634;-0,9075;7,205;-0,5245;-23,558;-0,8005;64,308;-0,402;-4,564;-0,167;-10,18;-0,204;9,851;-0,9215;272,465;-0,879;140,164;-0,028;42,852;-0,211;76,321;-0,592;27,167;-0,6;5,508;-0,413;-3,006;-0,0805
02/03/2021;1;76,104;-0,2825;-8,321;-0,1475;6,646;-0,184;3,405;0,0175;-12,298;-0,2605;38,306;-0,9675;-6,103;-0,782;6,838;-0,53;-23,957;-0,6695;64,198;-0,244;-4,72;-0,1965;-10,373;-0,2245;9,385;-0,7725;271,962;-0,804;139,789;-0,3485;42,684;-0,241;75,803;-0,6745;26,656;-0,703;5,296;-0,368;-3,209;-0,219
03/03/2021;0;75,791;-0,4355;-8,446;-0,169;6,494;-0,204;3,433;0,0235;-12,509;-0,3005;37,567;-1,0315;-6,581;-0,7125;6,529;-0,4925;-24,353;-0,5955;64,059;-0,194;-4,899;-0,257;-10,577;-0,3005;8,809;-0,809;271,194;-1,0195;139,565;-0,4115;42,489;-0,279;75,221;-0,841;26,166;-0,7455;5,052;-0,35;-3,33;-0,2225
04/03/2021;1;75,378;-0,5695;-8,429;-0,0455;6,308;-0,262;3,411;-0,008;-12,904;-0,5005;36,753;-1,1835;-7,024;-0,682;6,286;-0,3975;-24,786;-0,631;63,732;-0,3965;-4,936;-0,1265;-10,834;-0,359;8,308;-0,789;270,313;-1,265;139,276;-0,401;42,339;-0,2475;74,627;-0,885;25,772;-0,639;4,815;-0,359;-3,486;-0,2165
05/03/2021;0;74,816;-0,7685;-8,182;0,2555;5,867;-0,534;3,111;-0,311;-13,659;-0,9525;36,242;-0,918;-7,405;-0,6025;6,047;-0,3605;-25,142;-0,5725;63,621;-0,2745;-4,638;0,2795;-11,298;-0,5925;7,883;-0,6755;269,801;-0,9525;138,974;-0,4465;42,019;-0,395;74,186;-0,738;25,733;-0,236;4,827;-0,1065;-3,606;-0,198
06/03/2021;0;74,913;-0,184;-8,302;0,0035;5,717;-0,3705;3,494;0,233;-13,569;-0,2875;36,033;-0,4645;-7,661;-0,4465;5,894;-0,2725;-25,317;-0,353;63,474;-0,2025;-4,877;-0,09;-11,34;-0,274;7,753;-0,3425;269,417;-0,64;138,812;-0,313;41,758;-0,421;74,155;-0,2515;25,467;-0,2855;4,645;-0,176;-3,791;-0,245
07/03/2021;1;74,71;-0,1545;-8,387;-0,145;5,629;-0,163;3,187;-0,1155;-13,591;0,023;35,41;-0,7275;-8,038;-0,505;5,767;-0,2035;-25,641;-0,4115;63,399;-0,1485;-4,984;-0,2265;-11,389;-0,07;6,908;-0,91;268,561;-1,048;138,549;-0,344;41,529;-0,3595;73,614;-0,5565;25,023;-0,577;4,541;-0,195;-3,852;-0,1535
08/03/2021;0;74,553;-0,2585;-8,472;-0,1275;5,573;-0,1;3,242;-0,0985;-13,613;-0,033;34,968;-0,7535;-8,308;-0,4585;5,607;-0,2235;-25,863;-0,384;63,275;-0,1615;-5,091;-0,1605;-11,438;-0,0735;6,703;-0,6275;268,099;-0,89;138,402;-0,2785;41,378;-0,2655;73,331;-0,5535;24,781;-0,464;4,461;-0,132;-3,918;-0,0965
09/03/2021;0;74,262;-0,3695;-8,558;-0,1285;5,512;-0,089;3,321;0,1065;-13,665;-0,063;34,714;-0,475;-8,444;-0,271;5,528;-0,159;-25,991;-0,239;63,553;0,216;-5,238;-0,2005;-11,565;-0,1515;6,934;0,1285;268,023;-0,307;138,289;-0,1865;41,323;-0,1305;73,122;-0,3505;24,716;-0,186;4,421;-0,08;-3,954;-0,069
10/03/2021;1;73,122;-1,2855;-8,566555556;-0,051555556;5,397;-0,1455;3,71;0,4285;-13,67033333;-0,03133333;34,3;-0,541;-8,671;-0,295;5,402;-0,1655;-26,173;-0,246;63,628;0,214;-5,286777778;-0,122277778;-11,62277778;-0,12127778;7,044;0,2255;267,008;-1,053;137,621;-0,7245;40,766;-0,5845;71,617;-1,6095;24,344;-0,4045;4,307;-0,134;-3,844;0,092
11/03/2021;0;72,859;-0,833;-8,575111111;-0,012833333;5,375;-0,0795;3,461;-0,0545;-13,67566667;-0,008000005;33,702;-0,805;-8,822;-0,2645;5,579;0,114;-26,389;-0,307;63,366;-0,2245;-5,335555556;-0,073166667;-11,68055556;-0,08666667;6,901;-0,088;266,148;-1,3675;137,374;-0,581;40,576;-0,4685;71,225;-1,1445;24,082;-0,448;4,052;-0,312;-3,89;0,009
12/03/2021;1;72,66;-0,3305;-8,583666667;-0,012833333;5,337;-0,049;2,925;-0,6605;-13,681;-0,008;33,212;-0,789;-9,076;-0,3295;5,569;0,0785;-26,618;-0,337;63,337;-0,16;-5,384333333;-0,073166666;-11,73833333;-0,08666666;6,135;-0,8375;265,339;-1,239;137,213;-0,2845;40,464;-0,207;70,826;-0,595;23,755;-0,458;3,967;-0,2125;-3,846;0,021
13/03/2021;0;72,649;-0,1105;-8,592222222;-0,012833333;5,303;-0,053;2,814;-0,379;-13,68633333;-0,007999995;32,81;-0,647;-9,191;-0,242;5,563;-0,011;-26,794;-0,2905;63,132;-0,2195;-5,433111111;-0,073166666;-11,79611111;-0,086666665;5,697;-0,821;264,966;-0,7775;137,083;-0,2105;40,342;-0,178;70,65;-0,3755;23,479;-0,4395;3,878;-0,1315;-3,819;0,049
14/03/2021;0;72,656;0,0015;-8,600777778;-0,012833333;5,215;-0,105;2,873;0,0035;-13,69166667;-0,008000005;32,658;-0,353;-9,288;-0,1545;5,469;-0,097;-26,875;-0,169;62,7;-0,5345;-5,481888889;-0,073166667;-11,85388889;-0,08666667;5,624;-0,292;264,948;-0,2045;137,045;-0,103;40,119;-0,284;70,576;-0,162;23,34;-0,277;3,873;-0,0495;-3,832;0,0005
15/03/2021;1;71,162;-1,4905;-8,609333333;-0,012833333;4,858;-0,401;3,046;0,2025;-13,697;-0,008;32,495;-0,239;-9,575;-0,3355;5,515;-0,001;-27,061;-0,2265;62,309;-0,607;-5,530666667;-0,073166667;-11,91166667;-0,08666667;5,909;0,2485;264,453;-0,504;136,884;-0,18;39,859;-0,3715;69,252;-1,361;23,225;-0,1845;3,671;-0,2045;-4,148;-0,3225
16/03/2021;0;69,682;-2,227;-8,617888889;-0,012833333;4,806;-0,2305;3,173;0,2135;-13,70233333;-0,007999995;32,517;-0,0595;-9,548;-0,1165;5,514;0,022;-27,156;-0,188;61,996;-0,5085;-5,579444444;-0,073166666;-11,96944444;-0,08666666;5,89;0,1235;264,031;-0,6695;136,344;-0,6205;39,708;-0,281;67,64;-2,274;23,279;-0,0035;3,956;0,184;-3,847;0,143
17/03/2021;1;68,574;-1,848;-8,626444444;-0,012833333;4,704666667;-0,127333333;3,168;0,0585;-13,70766667;-0,008000005;32,367;-0,139;-9,651;-0,0895;5,148;-0,3665;-27,272;-0,1635;61,805;-0,3475;-5,628222222;-0,073166666;-12,02722222;-0,086666665;5,716;-0,1835;263,331;-0,911;135,334;-1,28;39,691;-0,0925;65,842;-2,604;22,278;-0,974;3,993;0,1795;-3,938666667;0,058833333
18/03/2021;0;68,353;-0,775;-8,635;-0,012833333;4,603333333;-0,152;3,3;0,1295;-13,713;-0,008;32,649;0,207;-9,517;0,0825;5,261;-0,07;-27,244;-0,03;61,574;-0,3265;-5,677;-0,073166667;-12,085;-0,08666667;5,659;-0,144;262,869;-0,812;135,027;-0,812;39,328;-0,3715;65,086;-1,655;21,374;-1,4045;3,886;-0,0885;-4,030333333;-0,1375
19/03/2021;1;67,926;-0,5375;-8,363;0,267722222;4,502;-0,152;2,973;-0,261;-14,525;-0,814666665;32,81;0,302;-9,483;0,101;5,387;0,1825;-27,119;0,139;61,803;0,1135;-5,558;0,094611111;-12,803;-0,74688889;5,279;-0,4085;262,147;-0,953;134,515;-0,6655;39,223;-0,2865;64,769;-0,695;21,2;-0,626;3,677;-0,2625;-4,122;-0,1375
20/03/2021;0;67,037;-1,1025;-8,436;0,063;4,106;-0,446666667;2,781;-0,3555;-14,491;-0,372;32,674;-0,0555;-9,585;-0,085;5,541;0,217;-27,038;0,1435;61,598;-0,0905;-6,049;-0,4315;-13,24;-0,796;5,262;-0,207;261,509;-0,999;134,271;-0,5;39,267;-0,0085;64,546;-0,3815;21,918;0,631;3,684;-0,0975;-4,267;-0,190833334
21/03/2021;0;66,993;-0,4885;-8,222;0,1775;4,104;-0,2;3,065;0,188;-14,975;-0,467;32,521;-0,221;-9,954;-0,42;5,566;0,102;-26,836;0,2425;61,597;-0,1035;-6,137;-0,3335;-13,474;-0,4525;5,578;0,3075;261,175;-0,653;134,577;0,184;39,257;0,012;64,7165;0,059;22,287;0,728;3,808;0,1275;-4,258;-0,0635
22/03/2021;0;66,949;-0,066;-8,234;0,095;4,102;-0,003;2,882;-0,041;-14,735;-0,002;32,459;-0,1385;-10,207;-0,4375;5,63;0,0765;-26,787;0,15;61,712;0,1145;-6,22;-0,127;-13,275;0,082;5,493;0,073;260,937;-0,405;134,813;0,389;39,331;0,069;64,887;0,25575;22,656;0,5535;3,932;0,186;-4,249;0,0135
23/03/2021;0;98,954;31,983;0,73;8,958;4,088;-0,015;-32,395;-35,3685;-14,828;0,027;32,3696;-0,1204;-10,099;-0,0185;5,797;0,199;-26,845;-0,0335;65,311;3,6565;1,838;8,0165;-13,484;-0,1095;5,28;-0,2555;260,9122;-0,1438;134,729;0,034;39,523;0,229;65,1636;0,36185;22,6322;0,1607;3,747;-0,123;-4,361;-0,1075
24/03/2021;1;94,769;11,8175;-0,598;3,154;3,817;-0,278;-28,551;-13,7945;-14,992;-0,2105;32,2802;-0,1341;-10,139;0,014;5,936;0,2225;-26,903;-0,087;65,007;1,4955;0,776;2,967;-13,412;-0,0325;5,067;-0,3195;260,8874;-0,0372;134,375;-0,396;39,405;-0,022;65,4402;0,4149;22,6084;-0,0357;3,457;-0,3825;-4,502;-0,197
25/03/2021;0;91,437;-5,4245;-1,756;-1,822;3,72;-0,2325;-24,879;5,594;-14,769;0,141;32,1908;-0,1341;-10,211;-0,092;6,636;0,7695;-26,961;-0,087;64,602;-0,557;-0,247;-1,554;-13,218;0,23;4,854;-0,3195;260,8626;-0,0372;134,745;0,193;39,419;-0,045;65,7168;0,4149;22,5846;-0,0357;3,293;-0,309;-4,646;-0,2145
26/03/2021;0;88,032;-5,071;-2,826;-1,649;3,701;-0,0675;-21,162;5,553;-14,984;-0,1035;32,1014;-0,1341;-10,412;-0,237;6,418;0,132;-27,019;-0,087;64,258;-0,5465;-1,166;-1,4305;-13,346;-0,031;4,641;-0,3195;260,8378;-0,0372;134,774;0,214;39,416;0,004;65,9934;0,4149;22,5608;-0,0357;3,309;-0,066;-4,656;-0,082
27/03/2021;0;86,027;-3,7075;-3,625;-1,334;3,785;0,0745;-17,755;5,2655;-15,417;-0,5405;32,012;-0,1341;-10,431;-0,1195;6,176;-0,351;-27,077;-0,087;63,95;-0,48;-1,861;-1,1545;-13,624;-0,342;4,428;-0,3195;260,813;-0,0372;134,758;-0,0015;39,528;0,1105;66,27;0,4149;22,537;-0,0357;3,213;-0,088;-4,794;-0,143
28/03/2021;0;85,50075;-1,52875;-4,47;-1,2445;3,83925;0,09625;-14,609;4,8495;-15,82;-0,6195;31,721;-0,3357;-10,456;-0,0345;6,009;-0,288;-27,336;-0,288;63,653;-0,451;-2,62;-1,1065;-13,93;-0,445;3,573;-0,9615;260,957;0,1316;134,761;-0,005;39,483;0,011;66,46;0,3283;22,4655;-0,0834;3,236;-0,025;-4,7935;-0,0685
29/03/2021;0;84,9745;-0,789375;-5,291;-1,2435;3,8935;0,081375;-11,681;4,501;-15,941;-0,3225;31,403;-0,4635;-10,445;-0,0015;6,072;-0,0205;-27,589;-0,3825;63,409;-0,3925;-3,327;-1,0865;-14,029;-0,252;2,905;-1,0955;260,984;0,099;134,994;0,2345;39,511;0,0055;66,65;0,285;22,394;-0,10725;3,259;0,0345;-4,793;0,00075
30/03/2021;0;84,44825;-0,789375;-6,123;-1,2425;3,94775;0,081375;-9,025;4,12;-15,976;-0,0955;31,131;-0,431;-10,322;0,1285;6,079;0,0385;-27,739;-0,2765;63,251;-0,28;-3,925;-0,9515;-13,934;0,0455;2,602;-0,637;261,175;0,2045;135,246;0,3685;39,576;0,079;66,84;0,285;22,3225;-0,10725;3,282;0,0345;-4,7925;0,00075
31/03/2021;0;83,922;-0,789375;-6,808;-1,101;4,002;0,081375;-6,552;3,801;-15,778;0,1805;30,823;-0,444;-10,188;0,1955;6,001;-0,0745;-28,02;-0,356;63,072;-0,258;-4,478;-0,852;-13,736;0,2455;2,274;-0,4795;261,142;0,0625;135,344;0,224;39,609;0,0655;67,03;0,285;22,251;-0,10725;3,305;0,0345;-4,792;0,00075
01/04/2021;1;82,023;-2,162125;-7,441;-0,9755;4,125;0,150125;-4,789;2,9995;-15,698;0,179;30,626;-0,351;-10,634;-0,379;5,903;-0,137;-28,432;-0,5525;62,924;-0,2375;-5,025;-0,8235;-13,639;0,196;1,059;-1,379;260,653;-0,5055;135,533;0,238;39,477;-0,1155;67,129;0,194;21,296;-0,99075;3,189;-0,1045;-4,874;-0,08175
